,Seed,KS_FR_pval,KS_CV_pval,Ttest_FR_pval,Ttest_CV_pval,Rel. Error FR,Rel. Error CV,Avg. Error,Percent Firing,Avg. FR,Avg. CV,Avg. FR Rel. Error,Avg. CV Rel. Error,STD FR,STD CV
0,1,0.022253022639428927,3.725967814646116e-05,0.013804374800445305,0.041981635483138206,0.3105874652266405,0.3245786287023401,0.3175830469644903,0.97,18.716494845360824,0.20909563917967786,-0.18015701355276764,0.16438562021129435,12.941961485622427,0.16266688846651853
1,2,0.010993611049586453,0.003530699168356758,0.02440684973403586,0.17514974515973267,0.3126293995859213,0.2936507936507936,0.30314009661835745,0.93,18.956521739130434,0.19897283327726367,-0.16964305957572234,0.1080150059067438,13.502143987142464,0.15399334860790373
2,3,0.011271728208236213,0.008788813384649182,0.0063821407072996465,0.006431315815636416,0.3997113997113998,0.27092352092352096,0.33531746031746035,0.91,18.130681818181817,0.2222987128964438,-0.20581751813283194,0.2379092443227536,12.49533874867804,0.17950754725773346
3,4,0.00016937264797204908,8.980522492463818e-09,0.0042209654890658956,5.842713119554973e-11,0.5101317122593718,0.7191827085444106,0.6146572104018913,0.94,18.0,0.2843951574578623,-0.2115418042760299,0.5837041513673328,12.771519178533914,0.1828379685531253
4,5,0.006167091734766238,0.0009137112554996763,0.007174253851807608,0.020999132942622116,0.41028295376121465,0.38060731538992404,0.39544513457556935,0.94,18.25,0.21349068378840935,-0.20059099600208585,0.18886019444283342,12.849780069171883,0.1620133752826791
5,6,0.000843930357565244,0.019664468020491464,0.0052027241630866914,0.014557019094443405,0.3899240855762594,0.27191166321601107,0.33091787439613524,0.94,18.054347826086957,0.21433009016263363,-0.2091611937816942,0.19353457558007256,13.011378072951299,0.15109426325570335
6,7,0.001235565978096811,9.851543570255658e-08,0.0013818312069777375,3.09710719646898e-08,0.40868838763575616,0.6410192147034252,0.5248538011695907,0.95,17.50526315789474,0.26153559423115746,-0.23321287749183484,0.45640667730278045,12.144848320181756,0.16109276863290115
7,8,0.1071575230932419,8.749362403019899e-05,0.05591864063817477,0.008282294617237918,0.2888198757763975,0.4675638371290546,0.378191856452726,0.94,19.597826086956523,0.21616341964095503,-0.14155185574256146,0.20374379127697453,12.573315240765549,0.1421238168684191
8,9,0.16513642615521737,2.2930032366403352e-07,0.09585012419743999,0.6846736202678725,0.3797313797313798,0.19474969474969475,0.2872405372405373,0.93,20.032967032967033,0.18572072728419128,-0.12249127545494658,0.0342183369930044,11.978415156365797,0.1720861323824936
9,10,0.005839614936843702,0.0014134852536185985,0.005238753676043036,0.023496905594744117,0.36047107014848945,0.45494111623143885,0.40770609318996415,0.95,18.134408602150536,0.21128779559458682,-0.2056542729459525,0.17659302643357597,12.344765070678687,0.14699306892739586
10,11,0.003539143279551962,4.5371641066401796e-05,0.010969945698840548,0.00017143604886005363,0.47293233082706765,0.4094402673350041,0.4411862990810359,0.97,18.58421052631579,0.23373304902408312,-0.1859514944148133,0.3015833439640422,12.442425857477977,0.15627448668172753
11,12,0.009277486494548744,4.736460570995193e-05,0.056737432258444215,0.24529531737579477,0.3389656938044034,0.2081413210445468,0.2735535074244751,0.94,19.553763440860216,0.1971280304589598,-0.14348194210033471,0.09774189891041639,13.72883754948571,0.1729944558385661
12,13,0.01665025686744799,0.0018265040843608827,0.003953084614015694,0.07519045959246176,0.2594893029675638,0.3588681849551415,0.30917874396135264,0.94,18.02173913043478,0.204269767494513,-0.21058956007829568,0.13751191008880737,11.611209221442916,0.14357018655901316
13,14,0.006221484734833328,1.895181832562312e-06,0.01108596673145237,0.61045411743855,0.3552213868003341,0.19891395154553054,0.27706766917293235,0.98,18.563157894736843,0.1727687732246957,-0.1868736677431454,-0.03790688340699954,12.795196900083694,0.13479210343299056
14,15,0.037740215657938725,0.0005975278348601938,0.013596709999814683,0.02248992232397246,0.27579365079365076,0.41865079365079366,0.3472222222222222,0.96,18.770833333333332,0.21011248052763046,-0.17777681209803584,0.17004807901836141,11.86796209572459,0.13510619960658685
15,16,0.004071412328004188,0.004663140474460209,0.007577152709256866,0.27802044474009646,0.2899689085256095,0.22148584519718542,0.25572737686139746,0.98,18.376288659793815,0.19440179930456825,-0.19505914439978422,0.08256040413606683,12.812894384744364,0.1439284496919183
16,17,0.0001090291255322738,2.1009637679387093e-07,0.0002983957500330341,6.786105560404744e-07,0.4200244200244201,0.5024420024420023,0.4612332112332112,0.93,16.642857142857142,0.2540586067277818,-0.27098904919172606,0.4147697652868922,12.608057277798638,0.163037840689834
17,18,0.00863062961566353,1.5208390961220636e-05,0.020182449619177378,0.00011462882426779573,0.4069571090847686,0.5064167510976021,0.45668693009118533,0.96,18.882978723404257,0.23545863837771464,-0.1728644814361424,0.31119258994182014,13.236680485534999,0.1568828922587515
18,19,0.00038829601452293315,0.000638730866995363,0.010039853528748954,0.00033541442158201894,0.3819764464925755,0.3259088581669227,0.3539426523297491,0.94,18.381720430107528,0.24163386954384536,-0.19482121529860993,0.3455804442248284,13.872963930714874,0.21554157845804314
19,20,0.0011272912199165896,0.00030060417488696884,0.04085764082711552,0.09515755165161804,0.4358837167825932,0.3048867487069734,0.3703852327447833,0.9,19.224719101123597,0.2041049306755282,-0.15789514801266358,0.13659398744603843,14.172098564788651,0.15984929336032594
20,21,0.10095316997009207,0.00016280878153719967,0.012893265152842797,0.0005135085577058864,0.2628968253968253,0.48115079365079366,0.3720238095238095,0.96,18.734375,0.23155279744115173,-0.1793738049713193,0.28944223187979284,11.936889845881478,0.16981101793877387
21,22,0.0047887854632171776,0.0010167198202037124,0.0054317506297659685,0.004056885787138438,0.39093701996927804,0.3259088581669226,0.3584229390681003,0.94,18.102150537634408,0.2216118162587533,-0.20706728046517106,0.2340841403146734,12.96532993492354,0.1607235238215884
22,23,0.009022415522863614,0.0004434016043953998,0.06277873156601706,0.3424563105990144,0.45212493599590375,0.19687660010240662,0.3245007680491552,0.94,19.666666666666668,0.19336279588570618,-0.13853641578306963,0.07677453196283719,13.117609713199034,0.16012494016485995
23,24,0.009022415522863614,2.4043550482971015e-05,0.0003274439063267574,0.004038494935622117,0.3742959549411163,0.5194572452636969,0.4468766001024066,0.96,16.93010752688172,0.2200478963942197,-0.2584065536634463,0.22537517914948657,10.720443588822533,0.14805554249643846
24,25,0.024440999122121693,3.0384744475084494e-05,0.10232351595124807,0.536256097232526,0.2809523809523809,0.17301587301587298,0.22698412698412695,0.91,20.0,0.18898996183473477,-0.12393533808447765,0.05242364110496474,13.49567832060817,0.17311053073741553
25,26,0.00628373291681471,5.507116793582065e-07,0.016372726614208726,1.5807768823814467e-05,0.35421888053467,0.6199665831244778,0.4870927318295739,0.98,18.763157894736842,0.2409714103975012,-0.1781130211239902,0.3418914246593952,13.280346005571573,0.1508555192173074
26,27,0.024778483366181436,4.07305263937735e-05,0.05037539980668926,0.24587292747860925,0.4051069703243616,0.31538992408557626,0.36024844720496896,0.93,19.46195652173913,0.19617038984058213,-0.14750338197840074,0.09240910971527196,13.556290392858253,0.15397514097739637
27,28,0.038118974846443006,8.085297606541038e-06,0.047278237560511506,0.08883823976391951,0.27858034599607634,0.28241483859461386,0.2804975922953451,0.91,19.426966292134832,0.20641443387740885,-0.1490360671618325,0.14945485976576645,12.647678332449438,0.18356701686919902
28,29,0.0002502217886000149,1.0329443492119618e-05,0.003149230992294437,0.0009010101246786782,0.369431643625192,0.45494111623143885,0.4121863799283154,0.94,17.77956989247312,0.22872118792166043,-0.22119735565735682,0.2736739192574724,13.243879163556215,0.16399595797977487
29,30,0.004084121054469718,0.0016579398216691032,0.004265673216489393,0.1328620797578659,0.3101343101343101,0.3046398046398046,0.30738705738705735,0.93,17.994505494505493,0.20048759619513626,-0.21178248138095182,0.11645022802098655,12.183012516870923,0.14360250301528438
30,31,0.00846998488344569,4.736460570995193e-05,0.05303472543973796,0.3658390885429832,0.532258064516129,0.1866359447004608,0.35944700460829493,0.94,19.56989247311828,0.19350500132952594,-0.14277543834072542,0.07756642783665413,12.619022889990944,0.1795268472740641
31,32,0.00024085493729219759,0.0019183314058127622,0.0009582608181762432,0.001514170194418133,0.5150375939849624,0.43049289891395154,0.47276524644945694,0.96,17.33157894736842,0.22682065181597152,-0.240820807450575,0.2630904517072241,12.1214491330811,0.1679593342323637
32,33,0.004897407597785605,0.0006426223915738037,0.02019759369952899,0.7552667585507258,0.3908507223113964,0.1475833779204566,0.2692170501159265,0.92,18.837078651685392,0.17535822529520748,-0.17487505297675668,-0.023487066872521934,12.711530482049008,0.13237584118927778
33,34,0.033418598228823204,2.5446951764702742e-06,0.029047936179701007,2.7304083186081214e-06,0.2377501725327812,0.5762594893029676,0.40700483091787437,0.94,19.141304347826086,0.24956815726811457,-0.1615489838949811,0.3897639124645428,12.498549065129895,0.1630635738561154
34,35,0.0019408923145071027,0.0023554307170254992,0.021015693029003298,0.019689311476880425,0.48412698412698413,0.31587301587301586,0.4,0.92,18.805555555555557,0.21472624223965314,-0.1762558665044324,0.19574061767501066,13.760590758564524,0.16856215535376973
35,36,0.01543859383951049,4.908382625075759e-06,0.009422646415968218,0.0013498451183763215,0.3312060219276713,0.5101456390116185,0.42067583046964485,0.98,18.54639175257732,0.22596091614459055,-0.18760807897627585,0.25830286332486435,12.238835112815881,0.160273359591826
36,37,0.0058105720966738,1.8762373731093448e-06,0.001788378339739084,1.1313485655211476e-06,0.35912698412698413,0.5436507936507937,0.45138888888888895,0.98,17.677083333333332,0.2527283727645783,-0.22568659829654097,0.4073621249154934,11.889022240133496,0.16848878148361718
37,38,0.013602681591965279,1.4110704292124168e-05,0.03537768319677577,0.06373733760331335,0.38690476190476186,0.31448412698412703,0.3506944444444444,0.97,19.223958333333332,0.20737814432276327,-0.15792847210151228,0.15482144985353896,14.143400587020455,0.17254287558877449
38,39,0.04339220369976374,0.0006236877563987657,0.022087178509599303,0.022293529109819726,0.28909152313407627,0.400033772374198,0.34456264775413714,0.96,19.01595744680851,0.21086711013803744,-0.16703958341808714,0.17425036592587784,12.164093508840116,0.14063933197151918
39,40,0.0010095337433932107,0.0012786560965254064,0.001981334711602768,0.0007075434137425565,0.3632414369256474,0.43049289891395154,0.3968671679197995,0.95,17.642105263157895,0.2277501271646605,-0.2272187508576761,0.2682663976743436,12.587726511398385,0.15264239301006016
40,41,0.10410855638732462,0.0005739934990235043,0.028441144913843027,0.0005380669628675701,0.21921470342522972,0.4094402673350042,0.31432748538011696,0.95,19.18421052631579,0.231307401307146,-0.15966955455734758,0.2880757006082048,12.331827164651497,0.16864379242112224
41,42,0.013965196301236448,8.03125932382695e-05,0.008305195759901695,0.0003905194937255353,0.33829365079365076,0.46031746031746035,0.3993055555555556,0.97,18.479166666666668,0.23436984539758512,-0.19055275508430378,0.3051294558926189,11.95345065823626,0.1800967253168572
42,43,2.700300856798319e-05,5.0698983933218845e-05,0.00027370650361200206,0.0001279584811645824,0.5257936507936508,0.5436507936507937,0.5347222222222223,0.99,16.786458333333332,0.23055854627399744,-0.2646988527724666,0.2839055704436453,12.118715035979015,0.13107034861105848
43,44,0.046810511219209726,0.0024277606859972314,0.021860718776435258,0.01825936580115167,0.3211361737677527,0.3252297410192147,0.3231829573934837,0.95,19.026315789473685,0.2138453608168214,-0.16658585451983857,0.19083527547906384,12.148937233366423,0.16071135455321994
44,45,0.0004265788917476804,0.00010174580134055658,0.0016929274226384742,0.0004047205904270895,0.40868838763575605,0.28312447786132,0.34590643274853805,0.96,17.55263157894737,0.2370888664006685,-0.23113798750308756,0.32027079967895306,12.698005165381506,0.19613720623934122
45,46,0.00011139891820697895,7.800528926738882e-10,0.00021200329835031507,1.3624219125052875e-09,0.4939849624060149,0.6620718462823725,0.5780284043441937,0.97,16.721052631578946,0.2727635566938833,-0.2675638339722068,0.5189315491134059,11.46039307433574,0.17199096781224202
46,47,0.16932112894275309,0.0002662943169295113,0.067203637251353,0.09794500622475667,0.21225937183383983,0.42131036811887884,0.31678486997635935,0.96,19.73936170212766,0.20284577407401025,-0.1353521381998661,0.12958215378870536,12.976191111523773,0.15000041892108076
47,48,0.0048471320725963106,9.911177573087025e-06,0.0034547139034144104,5.725004539724264e-05,0.3610266801756164,0.3966565349544072,0.37884160756501184,0.96,17.9468085106383,0.24934018291174204,-0.213871763483252,0.38849439740732533,12.152941173892753,0.21604715624816184
48,49,0.01239602733484144,0.007621153679549669,0.10029579321245792,0.05467808366089682,0.3522785458269329,0.22964669738863286,0.29096262160778286,0.94,20.021505376344088,0.20777650403088505,-0.12299333307166518,0.15703978552820108,13.431209438511257,0.16292630248341503
49,50,0.00032141671069854156,1.0145647178115607e-09,0.0001250433447041117,1.6213885469363413e-09,0.4007936507936507,0.6894841269841269,0.5451388888888888,0.98,16.541666666666668,0.26767565974642055,-0.27542151920737,0.49059870551138424,11.31616346451197,0.1562148266250377
50,51,0.0014400904578845929,1.4918286633764233e-05,0.0008383436481690248,5.067883606953711e-06,0.35403726708074534,0.554520358868185,0.45427881297446515,0.94,17.184782608695652,0.2507854952228853,-0.24725096169106475,0.3965428716768601,12.248051617747285,0.17823328476704026
51,52,0.01052328501811284,5.4942896857687274e-05,0.04220347143023111,0.16720641933486372,0.3693009118541033,0.24772036474164127,0.3085106382978723,0.94,19.382978723404257,0.20016495284301564,-0.15096286488825433,0.11465353211121106,13.209930486858454,0.1693129688662352
52,53,0.002401782106762952,0.0006228735643446345,0.020702347426134835,0.05133659228587802,0.3665831244778613,0.3041771094402673,0.33538011695906433,0.96,18.931578947368422,0.20721652869884322,-0.17073563449733314,0.15392146499860718,13.009229623681106,0.15353825275366803
53,54,0.003077064924010197,0.00010000177980312961,0.0002744966803940508,5.049058605628952e-05,0.39101620029455075,0.4482899689085256,0.41965308460153816,0.98,16.90721649484536,0.24264886972600316,-0.2594092548755378,0.35123265017830035,11.21907660553956,0.18225478810927473
54,55,0.0010676793365693112,2.6840634180595006e-06,0.006492994287230709,9.704525538889236e-06,0.4238095238095237,0.5603174603174603,0.492063492063492,0.91,18.144444444444446,0.24546416998472786,-0.20521467060663995,0.3669101418309086,12.955746139250001,0.16110799572634074
55,56,0.0014400904578845929,3.1825782237825917e-07,0.016413149483645553,0.09659402611242067,0.29848171152518976,0.2501725327812284,0.2743271221532091,0.93,18.70108695652174,0.20744993372296672,-0.18083192889909994,0.15522122167856806,13.463327763621422,0.20680350906695616
56,57,0.00018828660852518323,0.0003328882402302646,0.001624984628881119,0.0031695571099169245,0.40773809523809523,0.439484126984127,0.4236111111111111,0.98,17.541666666666668,0.22257196266042134,-0.23161828611159388,0.23943088340212332,12.820813698392504,0.161994920164999
57,58,0.03671936591179939,3.3399087814371134e-05,0.01223219691405175,0.10737670978742603,0.3174603174603174,0.3044034818228367,0.3109318996415771,0.94,18.5752688172043,0.2039177414530553,-0.18634317018329852,0.13555159153686935,12.949435624468483,0.1729404093571965
58,59,0.0009750385516707181,3.837262737037851e-06,0.00865998610492835,2.4311589725607335e-05,0.39068100358422936,0.5839733742959549,0.4873271889400921,0.93,18.322580645161292,0.23972298554723037,-0.19741172908384397,0.3349393526349727,13.524300145129114,0.14976632792211936
59,60,0.004930379358893071,9.23536102553739e-05,0.017565557753563207,0.00010896766958805845,0.19502407704654892,0.4172462992687712,0.30613518815766005,0.92,18.775280898876403,0.24098197125269866,-0.17758199434784397,0.3419502346277776,12.306482085697366,0.1825811822634674
60,61,0.0025330626773637952,0.0008775636035811703,0.0026100616212378306,0.057542158581296424,0.41156462585034015,0.3344671201814059,0.373015873015873,0.98,17.831632653061224,0.2061360003678938,-0.21891683841970652,0.1479043540931652,12.711264463979163,0.15167817822454854
61,62,0.01094967953287091,5.262048265508955e-05,0.007874453355584756,0.0008385527774936803,0.36532999164578117,0.47259816207184635,0.41896407685881376,0.96,18.389473684210525,0.22684063848336458,-0.19448159770188556,0.2632017509586084,12.479705408839294,0.1510482161804311
62,63,0.004681230963903909,0.00018028398475893677,0.009154874564501076,0.42420299132256567,0.3788819875776397,0.16321601104209799,0.2710489993098688,0.94,18.41304347826087,0.19092354254472393,-0.19344916451907881,0.06319112331101234,12.58030912552477,0.15180357430827154
63,64,0.021004666093183313,0.00025848033472039366,0.0037041329333422223,0.002368375750397102,0.2755102040816326,0.41609977324263037,0.3458049886621315,0.98,18.153061224489797,0.22409289202128105,-0.2048372277817784,0.24790044443213793,11.071983433853072,0.16516386981672818
64,65,2.4924852149222202e-05,4.779199014965944e-08,0.000446478401261986,4.4896729662511774e-07,0.5466269841269841,0.6269841269841269,0.5868055555555555,0.97,16.901041666666668,0.2534643732707004,-0.25967973231357544,0.4114606723991183,13.066859278913604,0.1595717220099652
65,66,0.0009513895959317958,3.2392205654061385e-07,0.0009286956280387128,2.5970193318798407e-11,0.36930091185410335,0.6127997298210063,0.49105032083755484,0.96,17.29787234042553,0.2926734448803017,-0.24229726581136207,0.6298032420632486,12.077392091357465,0.2016261821403758
66,67,0.010588773935202035,4.148055008050122e-06,0.0005239643297324697,0.00988798875228941,0.36175115207373276,0.4119303635432668,0.3868407578084998,0.95,17.048387096774192,0.21807190521647185,-0.2532255260929782,0.21437152683966068,11.659152230410088,0.16767338798868514
67,68,0.06503606034231617,5.9711756349035226e-05,0.022395482497286037,2.1665616085938012e-06,0.3186423505572441,0.5030395136778115,0.4108409321175278,0.94,18.9468085106383,0.26143003274657883,-0.17006853038747588,0.455818839721979,13.285824329422242,0.2133379387412309
68,69,4.1269634692874335e-05,5.042392086029165e-15,5.543602888231496e-05,9.954199316332123e-15,0.4718462823725982,0.8304928989139514,0.6511695906432748,0.97,16.11578947368421,0.28846340878916693,-0.2940763171617555,0.6063589201045515,11.920008087152622,0.13730035280515526
69,70,0.0053268104718741235,3.151663768986925e-06,0.007070770267477531,0.0007177983215493918,0.3995859213250518,0.4240855762594894,0.4118357487922706,0.93,18.222826086956523,0.22942545328879022,-0.20178130124925361,0.2775957440717818,13.077603683404273,0.16147575021403976
70,71,0.12988169477507358,0.0003768957229419933,0.047310081694844804,0.012889289443150998,0.22588522588522597,0.43650793650793657,0.33119658119658124,0.92,19.47252747252747,0.2139321501180725,-0.147040340156975,0.19131857687531217,12.382494431137747,0.1402315701923518
71,72,0.014115274693786447,0.0011301372155393626,0.016219065866527858,0.005356962103000645,0.3807835190813914,0.378757176629517,0.3797703478554542,0.94,18.72872340425532,0.22004906189825518,-0.17962136313708665,0.22538166946245786,13.440702096184873,0.15963827587323942
72,73,0.0006793023022179592,3.2392205654061385e-07,0.007375764461086252,3.136786944632777e-07,0.3741979061127996,0.5915231340763255,0.4828605200945626,0.95,18.31382978723404,0.2580342474561411,-0.19779504495341935,0.43690881569171697,12.72645595118337,0.17286181588462002
73,74,0.0016451649577422856,7.556933855301091e-07,0.0002789446975988858,1.3475433582912025e-06,0.3174603174603174,0.5853174603174603,0.45138888888888884,0.97,16.885416666666668,0.24880531813811682,-0.26036415783069694,0.38551590941202285,11.254970931091837,0.15303050826349537
74,75,0.002816417826647056,0.0001694066695620226,0.0016435804153403153,0.0003728454233327039,0.3540372670807453,0.48930296756383723,0.42167011732229126,0.94,17.592391304347824,0.2326831970362874,-0.2293963829835474,0.2957370596381929,11.373818464156026,0.1653497313851489
75,76,0.014950512899859303,4.894531149114766e-06,0.009770264805478374,2.202653663098528e-06,0.3480243161094225,0.5915231340763257,0.46977372509287413,0.95,18.579787234042552,0.24935277888608628,-0.1861452489173087,0.38856454029244974,11.356248442075177,0.16072944837478978
76,77,0.18454251258887872,2.4823351701289076e-05,0.2388163436112269,0.6047413123620334,0.26796861066523986,0.19823434991974317,0.2331014802924915,0.91,20.775280898876403,0.1875529412001314,-0.08997552815629174,0.04442134048576714,13.692861101530788,0.1764123819759344
77,78,0.01602023762750074,0.00017940904494149074,0.005138080312095979,0.000332550477527607,0.2971968929415738,0.44258696386355956,0.3698919284025667,0.95,18.20744680851064,0.23532731062400705,-0.20245496336786353,0.31046126838699634,11.557996581180275,0.18025788808801896
78,79,0.000361752866517603,0.00055772145231323,0.010585726428864448,0.04175203868729116,0.4495103005741304,0.3574805808848362,0.4034954407294833,0.95,18.46276595744681,0.2083530312052643,-0.19127115917319729,0.16025027788539176,13.49039046516708,0.15136549523691747
79,80,0.001981877033101397,0.0004265788917476804,0.0005707661518007663,0.0036791814883868103,0.34553049289891397,0.4304928989139515,0.3880116959064327,0.97,17.11578947368421,0.22071543046368908,-0.2502730840659793,0.22909245931152453,11.867348533637855,0.15197573266844314
80,81,0.013711398969900094,8.494351715028019e-07,0.006212157092693763,0.20169277642276714,0.2802197802197803,0.2582417582417582,0.2692307692307693,0.92,18.15934065934066,0.20013746736911364,-0.2045621682332963,0.11450047444486405,12.712993941235293,0.19255439031870406
81,82,0.05114050142615961,0.0029883934435779892,0.10987550928917127,0.0025825937296996273,0.2952380952380952,0.40476190476190477,0.35,0.91,20.072222222222223,0.2253459041963607,-0.12077177124978268,0.2548780617767,13.26452267246715,0.17024219705693755
82,83,0.00151947089521501,1.089160921686488e-06,0.0009949708081149838,0.00018052708273263353,0.46719031255113735,0.5307641957126493,0.4989772541318933,0.99,17.463917525773194,0.2371540403164728,-0.23502394985314706,0.32063373202260737,11.39480063714185,0.1789375551025194
83,84,0.01041600726728738,7.444011548099953e-05,0.016388684690587175,0.26898191106357766,0.32440476190476186,0.29365079365079366,0.3090277777777778,0.97,18.75,0.19477779065845544,-0.1786893794541978,0.08465417771980865,13.667746400437295,0.14499389345725472
84,85,0.0005281141768514082,5.718623095772651e-08,0.0068790119332042005,1.5349999821859393e-05,0.4339477726574501,0.583973374295955,0.5089605734767025,0.95,18.150537634408604,0.2438139151689078,-0.20494776918634308,0.3577204093966796,13.957266760002618,0.16332875408848202
85,86,0.00040663145431287347,0.00026392761467884006,0.009503521943003013,6.069347909493964e-05,0.40062111801242234,0.4458247066942719,0.4232229123533471,0.92,18.434782608695652,0.2428536556070011,-0.1924969203213446,0.35237303615665827,12.583032353674156,0.18299342833556523
86,87,0.007223981824594293,0.00055772145231323,0.01215801980604856,0.27961188057746694,0.2760891590678824,0.20854441067207025,0.24231678486997632,0.96,18.585106382978722,0.1949740765798458,-0.18591225299658648,0.08574723018715578,13.000335163001946,0.1545632754320037
87,88,0.004193635447735189,0.0003611678930907619,0.008503428369761168,0.1179111585744739,0.35610766045548653,0.29365079365079366,0.3248792270531401,0.95,18.358695652173914,0.202941228981402,-0.1958297750134145,0.1301137111276417,12.722225948366328,0.16826651224536202
88,89,7.858788295030654e-05,4.396102030101746e-10,0.00015791498963007834,2.039143480968798e-09,0.5530191458026509,0.7575683194239895,0.6552937326133201,0.98,16.5979381443299,0.26155240871505236,-0.27295664655464374,0.4565003116958042,11.923864828560498,0.13588175251334136
89,90,0.0029079874851665253,0.008235616817976398,0.012902159679830825,0.0029811198510775734,0.3174603174603174,0.30440348182283666,0.310931899641577,0.95,18.623655913978496,0.22307037260441392,-0.18422365890447054,0.2422063663056983,12.739249297183816,0.1610021955703801
90,91,0.033418598228823204,0.0016226904798853446,0.05836240356017234,0.015447139621146884,0.3126293995859213,0.3371290545203589,0.3248792270531401,0.93,19.581521739130434,0.21524979796792978,-0.14226603889086228,0.198656129274278,13.402278597214485,0.16270009382733483
91,92,0.008235616817976398,7.961958296839563e-05,0.011962867530133925,0.9709616501254177,0.41244239631336393,0.21838197644649257,0.31541218637992824,0.95,18.543010752688172,0.18007799090572377,-0.18775617770251704,0.0027957730241557075,13.190632044411943,0.14328728315601788
92,93,9.664132970623513e-05,8.169038971950867e-06,0.002295289278513857,4.784721224870849e-06,0.3665831244778613,0.5568086883876358,0.4616959064327485,0.96,17.705263157894738,0.2483468736403886,-0.22445223087267965,0.38296298108260407,12.711266187467032,0.16843454892300075
93,94,0.0016897364158227337,3.181392794281134e-05,0.00408831897241493,0.00562192382542674,0.35409035409035405,0.3266178266178267,0.34035409035409037,0.93,17.923076923076923,0.22155089530898436,-0.21491128374493573,0.23374489135587695,12.75119539255586,0.17084640551085736
94,95,0.02511165668042998,1.0054476031099995e-05,0.05809897099635759,0.960821527419178,0.34599607633315493,0.10834670947030497,0.22717139290172994,0.9,19.471910112359552,0.17887910380710398,-0.14706738252831442,-0.0038804393701647416,14.475154915738099,0.1485486579108993
95,96,0.017247538629313407,0.0019059228736808508,0.01783533827521777,0.001610304545908638,0.34195997239475495,0.3153899240855763,0.32867494824016563,0.94,18.755434782608695,0.22631227168726545,-0.17845131840476425,0.2602594480871159,13.445844388981422,0.16365957369288603
96,97,0.00884044732754012,2.8097729419981023e-06,0.006775907776547004,6.279750366617617e-06,0.3741979061127997,0.48514015535292127,0.42966903073286045,0.95,18.27659574468085,0.2494488737851403,-0.19942601639847482,0.3890996615368388,12.59361055094678,0.17704149099593963
97,98,0.007997297277894623,9.332454294176272e-05,0.006746663573084612,0.4885191312966123,0.38336783988957907,0.1677018633540372,0.27553485162180813,0.94,18.23913043478261,0.18957363433953028,-0.20106711810095296,0.05567392348370247,12.552385504458982,0.15726258290166698
98,99,0.002644087601928822,2.978734803346302e-09,0.0004891532127667672,4.752613321764182e-09,0.43313069908814594,0.6766295170550489,0.5548801080715975,0.95,17.0531914893617,0.26933160312454607,-0.2530150781645839,0.49982011569926765,11.547880915743065,0.17067013889946742
99,100,0.029871638385501834,2.1333089006419867e-05,0.00876174166441883,4.894090196347814e-06,0.1971326164874552,0.5194572452636969,0.358294930875576,0.94,18.49462365591398,0.24657463299261112,-0.18987568898134488,0.37309394921794237,11.415537097480629,0.15845973479310843
100,101,0.00012587899240886172,7.165902032666743e-05,0.0004227471711131926,1.392298573361201e-05,0.44246031746031744,0.48115079365079366,0.4618055555555556,0.97,16.9375,0.24337994486634332,-0.25808273944029203,0.3553037699015316,12.50484281188692,0.16210283067176742
101,102,0.002179049909327504,0.0002891945713261327,0.005257506064421837,0.015624409839044943,0.4007936507936508,0.35615079365079366,0.3784722222222222,0.98,18.161458333333332,0.21437028898871988,-0.20446940726577442,0.19375842977056562,12.733546326139098,0.15867148982731216
102,103,0.03260045015099,0.0002169477801347158,0.027865896587373092,0.00046300512751427437,0.2377501725327812,0.3806073153899241,0.30917874396135264,0.93,19.092391304347824,0.23230445682385722,-0.16369153333988323,0.29362797855510775,12.817898777267365,0.16845028554368519
103,104,0.015371862621976587,2.638082080333473e-05,0.011339679934655957,1.9552791409759736e-05,0.30296756383712903,0.48930296756383723,0.39613526570048313,0.94,18.532608695652176,0.24645377407495755,-0.18821182143154036,0.3724209252068142,12.676322576531106,0.179991493200205
104,105,0.05973812489865578,1.4991284607781857e-08,0.14101951209229802,0.228634901917304,0.3015873015873015,0.08695652173913046,0.194271911663216,0.94,20.28804347826087,0.161618107004006,-0.11131810246449861,-0.10000131758116183,13.795721157626346,0.16791712730737285
105,106,0.002850472432958448,0.011855294652364462,0.0032288272652179753,0.0759902020435933,0.4904761904761904,0.3825396825396826,0.4365079365079365,0.93,17.816666666666666,0.20413182712192995,-0.21957239701025552,0.13674376500977836,12.257526032786734,0.14045745108946991
106,107,0.0019986585154285184,0.00043585174921120416,0.0008230280645246611,3.0557801914728854e-05,0.32916053019145797,0.46890852560955654,0.39903452790050725,0.98,17.350515463917525,0.24276631713215194,-0.23999132680215257,0.3518866765912244,11.662382240696425,0.1735037985276636
107,108,0.059198959973579754,0.0010167198202037124,0.01841608436593066,0.028523068951139978,0.28315412186379935,0.32590885816692267,0.304531490015361,0.94,18.876344086021504,0.2111765849733291,-0.17315510000392506,0.17597373064761282,12.283973279746208,0.15706358954476277
108,109,5.8716326989762624e-05,5.201288629365795e-06,0.001841610666683524,3.791674277301742e-05,0.5021645021645021,0.4653679653679655,0.48376623376623384,1.0,17.550505050505052,0.23992760086539086,-0.2312311363241312,0.33607878880435305,13.960531477664574,0.16425814564597027
109,110,0.017522118226605723,0.000638730866995363,0.012489375461682769,0.004558513774798709,0.2908346134152585,0.36891961085509467,0.32987711213517656,0.93,18.634408602150536,0.22027954590460055,-0.18375265639806446,0.22666515994427813,12.332782562159984,0.15443901242482866
110,111,0.0010165928186067505,6.933477165378714e-06,0.0012818030910271157,0.00038908956113193786,0.3908730158730159,0.564484126984127,0.47767857142857145,0.97,17.453125,0.23015663701619013,-0.23549669737528245,0.28166746848103813,12.534344095366205,0.15406233879546558
111,112,0.03144813179332768,5.4942896857687274e-05,0.007427891806214888,0.045492653376591606,0.38230327592029717,0.3362039851401553,0.35925363053022624,0.95,18.361702127659573,0.20939922918977197,-0.19569808166691946,0.16607621425515018,12.180251773792452,0.16892126573481367
112,113,2.897590182503088e-06,2.042802836287945e-07,0.0007487305709552805,1.4187058661164912e-09,0.5752380952380953,0.5536507936507936,0.5644444444444445,1.0,17.22,0.2715553234311282,-0.2457083260907353,0.5122032909702311,13.147303906124632,0.17214173564454252
113,114,0.05241951302331983,3.322064395082533e-05,0.01740188182235865,0.12438665287817782,0.29666119321291734,0.20443349753694579,0.25054734537493156,0.89,18.689655172413794,0.204670798469985,-0.1813326780030808,0.13974512118269178,12.91889851967085,0.19380368038913098
114,115,0.09380009316323046,6.0151463300988286e-05,0.08143103635385064,0.3316927631572014,0.2698412698412698,0.2606837606837607,0.26526251526251526,0.93,19.86263736263736,0.1938739765073197,-0.12995226570752388,0.07962113061727386,12.764792309890826,0.1629404361192409
115,116,0.00011309221695162361,3.094153009192459e-07,0.0008526087248742389,8.074110107858809e-06,0.5062111801242236,0.5327812284334023,0.5194962042788129,0.94,17.152173913043477,0.24402861350991412,-0.24867932798766623,0.3589159946414592,12.65678610092376,0.1526891063261189
116,117,0.0021691052893409338,5.146830616336961e-06,0.003926250977928067,2.5742107133935704e-05,0.39306169203076413,0.4895270823105874,0.44129438717067576,0.97,17.99484536082474,0.24110868675643668,-0.21176759413734839,0.342655872062347,13.045616802573647,0.16185973135322623
117,118,0.00040663145431287347,1.3153624982816738e-05,0.006965968628870463,0.00020247817513759024,0.48654244306418215,0.4675638371290545,0.47705314009661837,0.94,18.179347826086957,0.23747319516053927,-0.2036857896447222,0.3224110015654334,13.491056119772205,0.1793419553807834
118,119,0.048188318140771486,2.0221259530707057e-05,0.03219910490078059,0.22938135598644024,0.30977982590885816,0.2613927291346646,0.28558627752176136,0.94,19.21505376344086,0.1976700024447738,-0.15831852105212987,0.10075996465925259,12.6710655596309,0.17181176638082096
119,120,0.0013220349785731395,0.0001773507873947549,0.001680065767554602,0.00410257788547804,0.38078351908139146,0.46386355960824055,0.42232353934481603,0.97,17.606382978723403,0.21826720021581764,-0.22878350240947373,0.2154590611843727,11.848752591770447,0.1347332671102678
120,121,0.0022777028536697633,0.001501693145716806,0.010876861294496106,0.0011726277026785524,0.3698947743891564,0.34983056893169245,0.3598626716604244,0.91,18.39887640449438,0.22761540406653405,-0.19406972815355744,0.26751616855055993,13.35327670414768,0.160278502196522
121,122,0.006471560639526147,1.9575073486436274e-05,0.003525778052952949,2.6271701825314213e-05,0.3787802840434419,0.514703425229741,0.44674185463659144,0.96,17.989473684210527,0.24826068350756922,-0.21200289094019592,0.3824830162605125,12.017745420258727,0.19649597115309728
122,123,0.0013067383718085134,1.0772958566071617e-06,0.002059459937456832,8.992873567870183e-07,0.3809523809523809,0.5158730158730158,0.4484126984126984,0.92,17.555555555555557,0.2558583296757056,-0.23100990787415254,0.42479183714428753,12.540477672198678,0.17390976963558355
123,124,0.00038829601452293315,0.0004057155322300858,0.015041886809555595,0.04879814447500517,0.4339477726574501,0.45494111623143885,0.4444444444444445,0.94,18.623655913978496,0.20689191392229792,-0.18422365890447054,0.15211379086728466,13.967446005788444,0.14406676600582566
124,125,0.005646892993905247,8.727374722831894e-08,0.005010806564149328,9.930492106646673e-08,0.3382936507936508,0.6061507936507937,0.47222222222222227,0.96,18.140625,0.25531386550685126,-0.20538197462193636,0.4217598932385157,12.670648317116282,0.1493239242922426
125,126,0.00015255479420628933,1.4217021727576276e-05,0.00043087492345115586,0.001931876194154641,0.4593042890915231,0.46386355960824044,0.46158392434988177,0.96,16.94148936170213,0.22544424070611735,-0.2579079924997503,0.25542566582215803,12.08587543440045,0.16499470502094496
126,127,0.0023572607688704273,0.001448346432497125,0.04002013454818359,0.044339760005029726,0.41244239631336405,0.43343573988735284,0.4229390681003584,0.95,19.274193548387096,0.20670049113928482,-0.15572800726689584,0.15104781963614988,14.078221594873659,0.13489382778302123
127,128,0.059198959973579754,2.484633165031747e-05,0.022632479202803986,4.282048407539739e-05,0.20993343573988732,0.5194572452636969,0.3646953405017921,0.93,19.021505376344088,0.24232827080259559,-0.1667965661674413,0.34944733902721403,12.073233965222547,0.1742443149873213
128,129,0.0002533778633643831,2.2556603288912982e-05,0.01005237558521247,7.758871276718784e-05,0.43008739076154806,0.4397182093811308,0.4349028000713394,0.9,18.308988764044944,0.2424667054636775,-0.19800709742059344,0.3502182366381588,13.869476958855852,0.18340427464045808
129,130,0.05973812489865578,0.0014238905791560362,0.018905757442321678,0.030813582175491783,0.3126293995859213,0.31538992408557626,0.31400966183574874,0.94,18.85326086956522,0.210731970408917,-0.17416621951496,0.17349781671957004,12.610498137653927,0.1561087289037478
130,131,0.009166765320630462,0.0005088960871670164,0.09072947804091593,0.10488553527976377,0.26190476190476186,0.30514504652435687,0.28352490421455934,0.88,19.816091954022987,0.203318309415943,-0.13199110509059747,0.132213549447394,14.340304695164784,0.1564954383811808
131,132,0.037740215657938725,0.0003447434575395014,0.07133287834896825,0.016270311748940152,0.3144841269841271,0.2936507936507936,0.30406746031746035,0.96,19.796875,0.21549092092937197,-0.13283286980705716,0.19999886463742342,13.199309113272117,0.17094225609053473
132,133,0.0012348617814820907,7.215221543132089e-07,0.00963686554874034,0.0003113037620977821,0.3422619047619048,0.564484126984127,0.4533730158730159,0.96,18.53125,0.23298142752754877,-0.18827133669389884,0.29739780826449447,12.376223108747677,0.166282588719824
133,134,0.022304329662172113,0.0002662943169295113,0.013415223176062287,0.05927810523965737,0.3054711246200608,0.251097602161432,0.2782843633907464,0.96,18.654255319148938,0.20712230904785162,-0.18288330602719757,0.15339678640087864,12.876877387548623,0.16223263771812474
134,135,0.0012348617814820907,0.0001355295393554583,0.003187797517820656,0.0001480300730787269,0.43353174603174605,0.35615079365079366,0.3948412698412699,0.97,17.833333333333332,0.23542482549486818,-0.21884234312532597,0.31100429699262827,13.384472242947133,0.16392624787185833
135,136,0.0006793023022179592,0.0002662943169295113,0.0011267971243556542,0.026795095142512288,0.4035798716649781,0.4000337723741979,0.401806822019588,0.96,17.372340425531913,0.21194550022008374,-0.23903532292125115,0.18025556961850092,12.264361136923375,0.16218956614290064
136,137,0.0015540039358664256,0.0011301372155393626,0.0016413175982945463,0.05012143612276358,0.36930091185410335,0.24772036474164127,0.3085106382978723,0.96,17.53723404255319,0.20862403737231483,-0.23181244937886247,0.16175942310305486,12.469375114805661,0.16714322107686297
137,138,4.8656899368142226e-05,1.2210901571433582e-06,0.0010475119181197912,5.322381852180421e-06,0.5124716553287982,0.5385487528344671,0.5255102040816326,0.99,17.26530612244898,0.2410788758686638,-0.24372377144843682,0.34248986492233846,13.817174332653625,0.13659571548301083
138,139,0.0043880456918955636,0.0008718547349624553,0.002149384038011779,0.036335541000130034,0.4209726443768996,0.46386355960824055,0.44241810199257003,0.96,17.70744680851064,0.20931040685408464,-0.22435657991575159,0.16558159155123509,12.092157115005543,0.15296083772903468
139,140,0.014036264229290926,7.945643851833017e-06,0.021411586450737034,0.00048410556828791204,0.4069571090847686,0.46386355960824044,0.43541033434650456,0.94,18.909574468085108,0.2305911931140991,-0.17169950183253135,0.2840873700799688,13.396165449675992,0.16051575233194634
140,141,0.01045138367402474,0.0013067383718085134,0.009460355954575362,0.0010340291520439648,0.33333333333333337,0.40476190476190477,0.36904761904761907,0.91,18.38888888888889,0.2283607925629826,-0.19450721362767248,0.27166699469949657,12.649940223349713,0.16270607222711903
141,142,0.04219100491475546,0.0009137112554996763,0.09387995244741544,0.04291872724073488,0.40062111801242234,0.2763975155279502,0.33850931677018625,0.92,19.98913043478261,0.21008598206753196,-0.12441146018334476,0.1699005177109258,12.773098910037275,0.1706688958487562
142,143,0.04026103726115829,0.004871345366574664,0.028921614605824295,0.033172672001614806,0.3021978021978022,0.3705738705738706,0.3363858363858364,0.92,19.10989010989011,0.21010502712177978,-0.16292502908181686,0.17000657342490103,12.692431377543015,0.15297249072657002
143,144,0.0004265788917476804,1.766689714786539e-07,0.01825918670494996,2.2632072366709297e-05,0.43734335839599,0.5778613199665832,0.5076023391812866,0.95,18.768421052631577,0.24087158364620695,-0.17788247779190725,0.3413355219434158,14.110617601149588,0.15658019600981404
144,145,0.014036264229290926,4.193983476791471e-06,0.0012142234060603806,2.5096249067526686e-05,0.3741979061127997,0.46386355960824055,0.4190307328605201,0.96,17.46276595744681,0.24155934804349727,-0.23507439226897342,0.34516545822252676,11.689520530022598,0.16116541803375287
145,146,0.005467962549813764,2.0221259530707057e-05,0.010240450883955051,0.022387883744610565,0.3691756272401434,0.272657450076805,0.3209165386584742,0.94,18.456989247311828,0.21649845739104012,-0.1915241977537666,0.20560950755856466,13.09573022305947,0.19453046077722483
146,147,0.001062545166029602,0.0018229344946896478,0.017317043472412884,0.0022528598451656947,0.3815628815628815,0.3705738705738707,0.37606837606837606,0.92,18.675824175824175,0.22272895171877755,-0.18193852037064276,0.24030510441791123,14.022034000370539,0.14694577923363142
147,148,0.004749996475269432,0.0008916713174823331,0.008606887070906776,0.0031221806138228454,0.41865079365079366,0.4186507936507936,0.4186507936507936,0.97,18.453125,0.22262900307532688,-0.19169346427950634,0.23974852292414997,12.542859465357504,0.16190801707909874
148,149,0.002765384301130641,1.9107266329355507e-05,0.002122220626368646,0.00037265953711363163,0.3581246931762396,0.5513827524136803,0.45475372279495996,0.98,17.778350515463917,0.22892140070532602,-0.22125076831272258,0.2747888391438807,11.937545611110565,0.14591433363446424
149,150,0.008370344635966932,2.108790747241473e-07,0.004462964078503779,9.603375063848553e-08,0.44047619047619047,0.6686507936507937,0.5545634920634921,0.97,18.104166666666668,0.2523743096119118,-0.20697896749521982,0.4053904623536679,12.366772657901583,0.13601078457087004
150,151,0.008148500039822494,0.0002169477801347158,0.026431111817725724,0.0005497746264220226,0.37784679089026907,0.29365079365079366,0.33574879227053134,0.93,19.0,0.2328025419696433,-0.16773857118025376,0.29640165276308966,13.643958688579065,0.17602287564383393
151,152,0.003598592586365502,0.0002662943169295113,0.02459136491203641,0.7775097071232894,0.3228638973319824,0.20854441067207027,0.26570415400202635,0.95,18.99468085106383,0.17581473267083572,-0.167971567100976,-0.020944925746158423,13.475646804997433,0.1324913485849927
152,153,0.09734399596191062,0.0026960237602941745,0.08015342650688266,0.008966705696128483,0.31929181929181927,0.2606837606837607,0.28998778998778996,0.93,19.818681318681318,0.22039555024438032,-0.13187768254689863,0.22731115038985403,13.350210206090159,0.18103752155361913
153,154,0.04755516601578838,0.0016579398216691032,0.0396979997864398,0.00015321284939660295,0.25824175824175827,0.3681318681318681,0.3131868131868132,0.92,19.313186813186814,0.24431329891010797,-0.15401997619970847,0.3605013150602412,12.94146762734877,0.2096952755286751
154,155,0.03311048092208449,0.0015177261800831884,0.013707839636685733,0.0013427725157093796,0.2952380952380952,0.3825396825396826,0.3388888888888889,0.91,18.566666666666666,0.22892364918641045,-0.18671997218842343,0.27480136020387175,13.276378354891149,0.17433685026571327
155,156,0.0048471320725963106,1.66160872978736e-07,0.0026835830065678815,1.0810301504075861e-05,0.3529213103681188,0.48514015535292127,0.41903073286052006,0.95,17.856382978723403,0.25265077097913585,-0.21783269413552972,0.40692998580715795,11.681186533569726,0.20075448936249365
156,157,0.00021061785490549754,5.799500650511476e-14,7.441657780940514e-05,1.2348844153062534e-13,0.46927803379416283,0.8420378904249871,0.6556579621095749,0.95,16.365591397849464,0.2983896964134838,-0.2831341852497714,0.6616351880228124,10.188581998731337,0.1794300174116088
157,158,4.608169508114656e-05,0.001743770355110657,0.009218416003060918,0.009765717632897805,0.5110087045570916,0.3904249871991807,0.4507168458781361,0.95,18.27956989247312,0.21681914440103228,-0.19929573910946877,0.20739530923519628,14.466398286543198,0.15623342484448988
158,159,0.007624482998245392,0.0004419100757791233,0.015784632710595402,0.17351588059862483,0.38992408557625946,0.38060731538992404,0.3852657004830917,0.94,18.72826086956522,0.19847977597708027,-0.179641623651932,0.10526933013595255,12.767871754890804,0.14416466054286545
159,160,0.03490826871991832,0.000455414664208249,0.011122524909744719,0.0003253851615352345,0.3145896656534954,0.42131036811887873,0.36795001688618706,0.96,18.569148936170212,0.23355511696210943,-0.1866112407587531,0.30059249817142053,12.516499974678059,0.16913508228759774
160,161,0.0026364510066005545,6.788559554907042e-08,0.007792271626245161,3.518945774810892e-07,0.35182457862870237,0.5926198658157421,0.4722222222222222,0.99,18.371134020618555,0.25496163131552935,-0.19528493426110272,0.4197984155676708,13.065512633015278,0.16384271002026685
161,162,7.597929044437771e-05,2.4823351701289076e-05,0.01769724226305092,0.39026021133990596,0.6274299982165151,0.10834670947030496,0.36788835384341007,0.91,18.573033707865168,0.16750622725712452,-0.18644107519867506,-0.06721229060908504,15.075195521455095,0.14506885705180902
162,163,0.0028918569193396807,3.2392205654061385e-07,0.002734438098299144,2.1749628763070346e-06,0.4848024316109422,0.5489699425869639,0.5168861870989531,0.97,17.81382978723404,0.24974258031342592,-0.2196966615013074,0.3907352176844449,12.278675521682798,0.162369309899639
163,164,0.19275470518053697,4.957294785014755e-06,0.05148600763747325,0.08092258272219335,0.34603174603174613,0.23968253968253964,0.29285714285714287,0.9,19.516666666666666,0.20694903817083293,-0.14510690074743615,0.1524318972315326,12.433478551430765,0.18247743220172014
164,165,0.03735464379589777,9.911177573087025e-06,0.003955959436513402,0.008267240861278688,0.30547112462006076,0.3362039851401553,0.320837554880108,0.95,18.074468085106382,0.22085893009975574,-0.20827986138591895,0.22989156212111492,11.478925520276071,0.18370177038026597
165,166,0.12050940866326121,3.7811919483156023e-06,0.10155589528146226,0.7158873073391328,0.41269841269841273,0.11587301587301586,0.2642857142857143,0.92,20.044444444444444,0.17440782064646523,-0.12198852772466538,-0.02877956130578216,12.473448343591555,0.14990737582793534
166,167,0.0005583959869716977,1.538616391967592e-08,0.0005196730867377009,1.078011510252469e-08,0.4007936507936507,0.6478174603174605,0.5243055555555556,0.98,17.098958333333332,0.2672087483070687,-0.25101034243003656,0.4879986275373703,11.84945053922743,0.17268173307775145
167,168,0.006828394544384061,1.1845079098793737e-05,0.0014214843922283648,0.0010067632504995297,0.3724431353297332,0.5101456390116186,0.44129438717067593,0.97,17.59278350515464,0.22928521732133186,-0.22937920332018616,0.27681481557138105,11.82329735282574,0.17417538229617113
168,169,0.0009016300326721004,0.000922411375271563,0.012779727336466625,0.0015939046839841488,0.3442773600668338,0.36733500417710946,0.3558061821219716,0.96,18.66315789473684,0.22891797642410738,-0.18249334443356788,0.2747697704352927,12.597502280686887,0.1837074877454826
169,170,7.248302095869527e-05,1.6680396814838125e-06,0.0024300654250580963,2.4669815244862953e-06,0.4263038548752834,0.5997732426303857,0.5130385487528345,0.99,17.806122448979593,0.24961220227780934,-0.220034267835415,0.39000918480083757,12.595073675170203,0.1669723597912891
170,171,0.025885263672387138,6.022406859076158e-07,0.004113542639533548,3.8960269065392044e-05,0.29723502304147464,0.47644649257552485,0.38684075780849975,0.95,18.13978494623656,0.24405295602358626,-0.20541877169274933,0.3590515501843239,10.642116975357522,0.18139029000755577
171,172,0.0009627834943974651,5.6540026639608426e-08,0.0006875775050446835,1.1490770907708556e-05,0.44200244200244193,0.6343101343101343,0.5381562881562881,0.94,17.12087912087912,0.24219844476889527,-0.2500501410635254,0.3487243800627766,11.685282529685582,0.14797483879924803
172,173,0.042396762570358675,4.318084464596309e-08,0.017115092078076564,0.08930907667683019,0.28373015873015867,0.27281746031746035,0.27827380952380953,0.97,18.90625,0.20746747086263193,-0.1718451242829828,0.15531888030658114,11.912509290832332,0.20231304395225388
173,174,0.0007774114120344745,1.726274141326859e-05,0.0007568776665441538,1.2179383585739996e-05,0.3581246931762396,0.42767141220749466,0.3928980526918671,0.98,17.288659793814432,0.2470471184254011,-0.24270080513797376,0.37572506694884455,11.899457462194192,0.17876125502769932
174,175,0.006151041198089884,0.0033351096356293106,0.029505907895822768,0.0025845016809464866,0.34623015873015867,0.3769841269841271,0.3616071428571429,0.98,19.125,0.22469531759931693,-0.16226316704328175,0.2512551565775677,13.77497731395591,0.17073605705606706
175,176,0.020767780515054766,0.02819228623779979,0.01027946376264014,0.1933280361930176,0.28996890852560947,0.24210440189821636,0.2660366552119129,0.98,18.551546391752577,0.19741322418665955,-0.1873822891149575,0.0993300500397792,12.81258332355757,0.14488223168074263
176,177,0.00024215385400669628,5.502183189596142e-12,0.0003130743685945435,2.8309029647796326e-09,0.41269841269841273,0.7103174603174605,0.5615079365079366,0.97,16.875,0.2677350757003871,-0.26082044150877803,0.4909295736379566,11.838760492551575,0.1615982847409624
177,178,0.007770683392404501,0.006601067925868417,0.02148845474720853,0.3086064682886471,0.3247066942719116,0.271911663216011,0.29830917874396135,0.94,18.91304347826087,0.19371190256706275,-0.17154754797119076,0.07871859354769871,12.930963996070629,0.14422529480639076
178,179,0.049650606272559676,8.558237711001338e-07,0.011207691128886123,1.0041794661866611e-05,0.26291793313069906,0.5064167510976021,0.38466734211415055,0.95,18.654255319148938,0.24628133337382757,-0.18288330602719757,0.3714606590170331,11.422967391178114,0.1694248260678363
179,180,0.004139528274839194,0.00035279941855136213,0.031887516440636796,0.2790786731489,0.4,0.226984126984127,0.3134920634920635,0.91,19.116666666666667,0.19506152437486754,-0.16262819398574654,0.08623419852108165,13.362478562502293,0.15217772689659925
180,181,0.0016168220270426047,0.0002863207471755151,0.011568360364846358,0.0017564525476945758,0.2962690230731467,0.3658157421044019,0.3310423825887743,0.97,18.561855670103093,0.22721618892968007,-0.18693070939232065,0.2652930692714592,13.551021898537128,0.17680011261167447
181,182,0.009298609362456179,0.001713967064162389,0.009816066096348481,0.0013585929975799965,0.3864258347016967,0.4200875752599891,0.4032567049808429,0.88,18.339080459770116,0.22820512732058143,-0.19668898385849654,0.27080014558427956,12.81286490994199,0.1668898193596149
182,183,0.0037358872824561976,9.518553763799599e-06,0.03232565260366585,0.0006070160937793823,0.31013431013431014,0.5463980463980465,0.4282661782661783,0.92,19.175824175824175,0.22999896385818552,-0.1600369038227547,0.280789437936766,12.844670855093145,0.1597881274077759
183,184,0.002869427912354786,0.0007068796347392484,0.003444103047459475,2.146930968080988e-06,0.32440476190476186,0.41865079365079366,0.3715277777777778,0.97,17.947916666666668,0.2564713570116131,-0.21382322266643483,0.4282055870317913,12.58087983117194,0.1937578327455774
184,185,0.0004042386011058992,0.0017305968290977835,0.018546573159476137,0.013962899769575994,0.506079027355623,0.3574805808848362,0.43177980412022965,0.94,18.79255319148936,0.2158644663615984,-0.17682541208842012,0.20207901767880895,13.721665113287571,0.16514708792381802
185,186,0.033418598228823204,0.0004419100757791233,0.06126969007741624,0.015584962811740873,0.2691511387163561,0.2763975155279503,0.2727743271221532,0.94,19.57608695652174,0.21689332903790276,-0.14250409994029584,0.20780841935433345,14.109805175104123,0.17805475671748186
186,187,0.00609992796606026,8.36750269490166e-05,0.0010603322166587129,2.30484636393196e-05,0.3244778613199666,0.4094402673350041,0.3669590643274854,0.95,17.45263157894737,0.2445725080936395,-0.23551831081266522,0.36194476671286735,11.349025852981143,0.17600068785984796
187,188,0.08270234601375678,2.0221259530707057e-05,0.00504443890466135,0.013207316745056768,0.39580133128520223,0.32590885816692267,0.3608550947260625,0.95,18.182795698924732,0.21892221854992777,-0.20353476166712453,0.2191066452861014,11.4904787481413,0.1882760069026899
188,189,0.14088452845939986,4.517999636430558e-06,0.03398150013083215,0.5342945305421894,0.29181929181929184,0.2826617826617827,0.2872405372405373,0.92,19.274725274725274,0.18853078445879887,-0.15570471593416146,0.049866631615127034,11.808514281649096,0.1557601378037395
189,190,0.06492045623554661,0.0037566572124651636,0.03407062219183201,0.00916932299740608,0.2628968253968254,0.25198412698412703,0.2574404761904762,0.98,19.286458333333332,0.21854084259933945,-0.15519077003302628,0.21698288663431117,12.837068881041233,0.17084823558392423
190,191,0.009083793813775026,1.5606064466990824e-06,0.01904716056512525,0.9868296071450733,0.28909152313407627,0.1659912191827086,0.22754137115839243,0.95,18.867021276595743,0.17980870537693935,-0.17356346919830917,0.0012962094814740407,12.946940723813109,0.15157961386832072
191,192,0.10337123836212343,1.3485006117643215e-07,0.028633796028137443,1.7054599485896596e-08,0.21921470342522964,0.5568086883876358,0.3880116959064327,0.95,19.2,0.27467086358611276,-0.15897792456109858,0.5295527209721528,12.157172455191345,0.20351549874649907
192,193,0.008899140853050422,3.552029354943969e-05,0.003965485868551143,0.0009073785778322981,0.34553049289891397,0.514703425229741,0.43011695906432745,0.96,18.042105263157893,0.22750786975557483,-0.2096974576193657,0.2669173449411749,12.126669859596925,0.15780395191614796
193,194,0.022711466922200566,0.0003447434575395014,0.014004409472060948,0.08331923622915204,0.30456349206349204,0.16865079365079363,0.23660714285714285,0.98,18.729166666666668,0.2048873819932446,-0.17960194681035976,0.14095120439441033,12.67521298856771,0.16433810496975682
194,195,0.01714191108637747,6.061935574489116e-06,0.016496926605861238,0.0005906291267060631,0.3047619047619048,0.42698412698412697,0.3658730158730159,0.91,18.705555555555556,0.2312075593716784,-0.18063618981401006,0.2875197133365016,12.979448379916366,0.16600057855249423
195,196,0.0003005501480060652,1.2240294894060802e-05,0.0005560016205497834,0.00012316018805014526,0.3766917293233082,0.5568086883876358,0.46675020885547197,0.97,17.068421052631578,0.23261393074066702,-0.25234797405472664,0.29535133816211584,12.215953875398865,0.1422473683920138
196,197,0.0004265788917476804,0.0003477942474492308,0.0001651132181707675,0.0030893885076308425,0.45079365079365075,0.3462823725981621,0.3985380116959064,0.97,16.568421052631578,0.22441105231432582,-0.27424959060261467,0.2496721756437353,11.891972198507826,0.17389105396493088
197,198,0.0002502217886000149,0.00043564009829861555,0.0018388364651481968,0.0022914451704906945,0.5184331797235023,0.4119303635432668,0.4651817716333846,0.95,17.559139784946236,0.2255023436213192,-0.23085290703868389,0.25574922206282774,12.607995726890033,0.17004920516181896
198,199,8.693058082380486e-06,6.180721984401668e-06,8.91585509377141e-05,7.628973961222318e-06,0.528344671201814,0.5589569160997733,0.5436507936507937,0.99,16.357142857142858,0.24212308273909178,-0.28350425864766204,0.3483047134252638,12.188569419328747,0.14765259906641864
199,200,0.07227734458554193,0.002841367848890332,0.007419915418085427,0.13378657024887505,0.33205325140809006,0.39042498719918073,0.3612391193036354,0.94,18.381720430107528,0.19976605116230042,-0.19482121529860993,0.11243217836741641,11.668447909212807,0.13476254033294824
200,201,0.186172645460069,1.1389887882781857e-06,0.4172389264814932,0.21732280846677995,0.28275004781028873,0.1370242876266973,0.20988716771849303,0.87,21.373493975903614,0.16187325072617573,-0.06377186130232736,-0.09858050516084002,13.851806757341613,0.14515104589170422
201,202,0.003132437695229625,5.955827096330032e-05,0.011429863949042397,0.09837423440915426,0.35873015873015873,0.3380952380952381,0.3484126984126984,0.93,18.42222222222222,0.20390981526982144,-0.19304710585781337,0.13550745319990126,13.679650562283118,0.16140112307516755
202,203,0.01676594112921845,0.0004867512444870418,0.0037490279666383404,0.052118166557333104,0.3556390977443609,0.4515455304928989,0.40359231411862995,0.95,18.073684210526316,0.20619068627037043,-0.2083141976268674,0.14820888210112304,11.393203981010283,0.14226734147385672
203,204,0.022568184857092447,0.0024845672769383924,0.024860017310966608,0.9337347481068043,0.40959282263630087,0.1414768806073154,0.27553485162180813,0.95,19.04891304347826,0.17843232269417658,-0.16559602173535165,-0.006368418102364052,12.333468909445738,0.14133655840885975
204,205,0.0266995750944941,0.0005054037876116885,0.0543254103164343,0.2952853083625697,0.24991556906450532,0.3149273893954745,0.2824214792299899,0.95,19.590425531914892,0.1936664775484193,-0.14187602398008814,0.07846563639032444,12.799177742447066,0.13604029595871542
205,206,0.004901862555400568,0.0007317801002540436,0.000708483232128155,7.092013014236927e-05,0.39306169203076424,0.36581574210440193,0.3794387170675831,0.98,17.298969072164947,0.2439936888489087,-0.24224922541533692,0.35872151056123164,11.48478594556896,0.1958102475329968
206,207,0.02234998169631058,2.4035965957981144e-05,0.015314013134632291,0.003514839983904489,0.22606774668630336,0.42767141220749466,0.326869579446899,0.98,18.814432989690722,0.2236574897751691,-0.17586700618771736,0.24547583090901806,12.475402517653224,0.17444788748548365
207,208,0.0009114540189127548,0.0002103939332669794,0.00228342362718707,0.35054008830677286,0.4263038548752835,0.15306122448979592,0.2896825396825397,0.99,17.770408163265305,0.19273340201822256,-0.2215986690174071,0.07326964218310655,12.64026776698808,0.1548014297421897
208,209,0.0014400904578845929,0.0027863050343374138,0.0003018711775465926,0.012643891327713064,0.45514147688060735,0.33712905452035885,0.3961352657004831,0.95,16.77173913043478,0.2160268586422158,-0.26534360144801583,0.20298332748233258,11.689928088510884,0.16006070593106678
209,210,0.021623121921662408,4.07305263937735e-05,0.015639669462215948,0.03578984259313942,0.3464458247066943,0.2763975155279503,0.3114216701173223,0.94,18.76086956521739,0.21097379999688567,-0.1782132573553307,0.1748444870560584,12.235345773633782,0.1680793445665034
210,211,0.049650606272559676,4.0007111779244635e-06,0.01386670644551466,0.6400966034487985,0.21209050996285042,0.251097602161432,0.23159405606214123,0.95,18.76063829787234,0.18640295425978068,-0.1782233876127534,0.03801743717133915,11.695545779566576,0.1629501519879993
211,212,0.008624503375796188,6.988527948956441e-06,0.004968806556108194,0.053737323440462864,0.308488612836439,0.29813664596273287,0.3033126293995859,0.93,18.11413043478261,0.20999776695236747,-0.206542522237925,0.1694092764206445,11.992321651443577,0.18584085519523344
212,213,0.040923063602535364,0.0017305968290977835,0.014583045548382202,0.16833480909414925,0.32269503546099293,0.22982100641675113,0.27625802093887203,0.96,18.77127659574468,0.19857386087791426,-0.17775739577130895,0.10579325835387182,11.97418875091936,0.1438126058663799
213,214,0.04151320755699726,9.332454294176272e-05,0.09204328015918775,0.008839064272923022,0.31815044858523117,0.4240855762594893,0.3711180124223602,0.93,19.934782608695652,0.21846077956088686,-0.12679207067768045,0.21653704160832038,13.508294028538046,0.1651626353413359
214,215,0.12391214386505736,0.00039304620544433096,0.08642358346801832,0.020802470116781706,0.18070818070818065,0.3705738705738706,0.2756410256410256,0.93,19.923076923076923,0.21375952345746088,-0.1273048175533835,0.19035727513764872,12.515248518411424,0.1631871258409161
215,216,0.10725420328811246,0.00016280878153719967,0.012097085072314264,0.019234590999210738,0.3154761904761904,0.26190476190476186,0.28869047619047616,0.97,18.71875,0.21845787241937967,-0.1800582304884408,0.21652085268262028,11.635034311831658,0.20558452193275667
216,217,0.008899140853050422,2.5165654384046405e-05,0.011939882538666503,5.2747578603017286e-05,0.32447786131996653,0.47259816207184624,0.3985380116959064,0.96,18.594736842105263,0.24057454347212373,-0.18549040775064726,0.3396814018064083,12.957480005334475,0.17064849462863865
217,218,0.0036997761372957196,4.076825074134729e-07,0.0012679560656338278,3.3581479874714126e-10,0.35182457862870237,0.5265095729013255,0.4391670757650139,0.97,17.45876288659794,0.29734155949939267,-0.23524973971446542,0.6557984543847111,12.642521546229217,0.23894823412037933
218,219,4.5371641066401796e-05,9.714593353170829e-06,0.007750765875811562,7.6799613668382e-06,0.5261487050960736,0.5568086883876358,0.5414786967418547,0.97,18.321052631578947,0.2507125360979372,-0.19747866101896494,0.3961365860351028,13.203451659852886,0.1869394278409837
219,220,0.005646892993905247,2.5606468108973436e-10,0.0007251352147218388,1.375731513123664e-05,0.3005952380952381,0.6061507936507937,0.4533730158730159,0.97,17.291666666666668,0.2405490117717396,-0.24256909438553792,0.3395392240694481,11.430420547332844,0.14718528740479547
220,221,0.003291582211204215,0.00030055014803102593,0.01870450678855692,0.2650814018811398,0.38872180451127814,0.24101921470342522,0.3148705096073517,0.96,18.857894736842105,0.19583112271723155,-0.17396324114649564,0.09051984142928723,13.133858045022963,0.16322711212473057
221,222,0.006207567396320222,0.0030086019776327465,0.01064243547964673,0.010566005104771792,0.34249084249084255,0.3485958485958486,0.34554334554334554,0.92,18.423076923076923,0.21543720195230665,-0.19300966719704768,0.19969972112265325,13.353997441792533,0.1452405599528777
222,223,0.005191795738875762,1.5039335601761425e-06,0.005363126455419575,1.7083076211044e-05,0.33673469387755106,0.5385487528344671,0.4376417233560091,1.0,18.21938775510204,0.2451935937755421,-0.20193191130093616,0.36540339090877927,12.614388109625382,0.1762186368726829
223,224,0.004481334385970947,0.0001751106567806803,0.005068444023484355,0.000839158969936019,0.35912698412698413,0.4603174603174603,0.4097222222222222,0.98,18.1875,0.22878929566473946,-0.20332869807057186,0.2740531891311885,12.190597896876648,0.16507781372800226
224,225,0.04289346882992773,1.0721098095372131e-07,0.10572637072429417,0.0017126611158294253,0.27705627705627706,0.15764790764790765,0.21735209235209235,0.92,20.005681818181817,0.13740729751054326,-0.12368645607825172,-0.23482344270276018,13.456684364306778,0.12641632899218802
225,226,0.04219100491475546,4.07305263937735e-05,0.007116337740093279,0.13539547304675492,0.3008971704623879,0.33712905452035885,0.3190131124913734,0.95,18.33695652173913,0.20165170198619609,-0.19678201921114888,0.12293275462380102,11.691949268353923,0.16478819213927415
226,227,0.005315066014767127,1.0012268065740646e-05,0.002424074467634895,1.8759414944300764e-07,0.32417582417582413,0.5024420024420023,0.41330891330891323,0.94,17.686813186813186,0.2639730966843495,-0.22526039925657518,0.46998033582986076,12.273138799755664,0.1881040685555129
227,228,0.004893972354197447,2.5888150170076793e-05,0.05936662457080004,0.3260056366693854,0.3644039175954069,0.22982100641675104,0.297112462006079,0.96,19.579787234042552,0.19441911241828708,-0.14234201582153255,0.082656815236434,14.074706298944186,0.17403610065804592
228,229,0.004481334385970947,4.7179733996949034e-06,0.00850868352309133,0.027688610233232838,0.3005952380952381,0.39781746031746035,0.3492063492063492,0.96,18.432291666666668,0.21267795103382722,-0.19260603163566828,0.1843343500195695,12.720271672214023,0.17305968438490082
229,230,0.06569783330244637,5.909569052849479e-05,0.06328552759133885,0.25577328977499986,0.3024790440520777,0.327358658819333,0.31491885143570536,0.89,19.6123595505618,0.19574941744064545,-0.14091524304857062,0.09006485131315911,13.235072746770092,0.1493265346834448
230,231,8.662276090331449e-05,0.0001355295393554583,0.001165122697936973,0.0015234696218629925,0.49107142857142855,0.439484126984127,0.4652777777777778,0.97,17.25,0.22595696073552765,-0.244394229097862,0.2582808369380255,14.051616158530187,0.1629971032976374
231,232,0.059198959973579754,0.002975735962415203,0.02492344924784036,0.0010297015159834242,0.31950844854070665,0.3689196108550947,0.3442140296979007,0.93,18.983870967741936,0.23137977275161795,-0.16844507493986305,0.2884787136484942,13.535388029222888,0.18516978326167793
232,233,0.0008705738857434029,0.003539143279551962,0.0027537551361163435,0.003263185073395653,0.3973266499582289,0.3673350041771094,0.3823308270676692,0.96,17.768421052631577,0.22273333109696725,-0.22168571088768338,0.24032949175094961,13.042806149129385,0.16335837497942593
233,234,0.0008311188732361078,8.394214306830085e-08,0.00258449177336958,3.1883942758694386e-06,0.42823370482944945,0.6127997298210065,0.520516717325228,0.94,17.72872340425532,0.24102880809734453,-0.22342459623286276,0.34221105378505745,12.892490163875342,0.12414200404540358
234,235,0.012063318116038557,0.0001258749289340063,0.0008278447697248162,0.001088399713940293,0.3110599078341014,0.4334357398873528,0.3722478238607271,0.96,17.365591397849464,0.22954771775476585,-0.23933095215399533,0.2782765951244549,10.501955727987724,0.17488035298459256
235,236,0.01602023762750074,9.870256507146477e-07,0.020243145446672942,0.000519632610260002,0.35714285714285715,0.48514015535292127,0.4211415062478892,0.96,18.914893617021278,0.2305450702948358,-0.17146650591180912,0.2838305270978556,12.820287757307634,0.1620356892352536
236,237,0.0026511970301431463,0.0009310773534440526,0.0048895069066611195,0.0010853842497723866,0.4233367105707531,0.42131036811887873,0.4223235393448159,0.95,18.06382978723404,0.22601088649090206,-0.20874585322736336,0.25858113193395815,12.959887797188232,0.15159082490329936
237,238,0.023261624887958344,0.0003368931844030651,0.02563083602647752,0.004484153648278093,0.3187403993855607,0.4979518689196108,0.40834613415258575,0.94,19.026881720430108,0.22057382589477945,-0.16656106491423828,0.22830390951468774,13.189350051934385,0.15619656887176167
238,239,0.0009553854675819766,0.0009137112554996763,0.002509918772339754,0.16108128812049816,0.47032436162870955,0.1894409937888198,0.32988267770876467,0.96,17.668478260869566,0.19968627329505229,-0.22606352829147736,0.11198792136713036,12.917858630491104,0.15497049709450758
239,240,0.013965196301236448,5.847491098482082e-06,0.01528143274388274,0.0240842088027151,0.33829365079365076,0.24107142857142855,0.28968253968253965,0.96,18.739583333333332,0.2154887255998683,-0.17914566313227887,0.19998663956130172,13.239378440586082,0.19166774754782148
240,241,0.1874218446747097,1.8964156571253629e-06,0.03339150184221837,0.4959213682706879,0.22698412698412695,0.24920634920634926,0.2380952380952381,0.91,19.205555555555556,0.1898241772554518,-0.158734573266122,0.05706911551013276,12.482408609373353,0.1693208895251581
241,242,0.00911815643857329,1.0054476031099995e-05,0.0280421361384313,0.8023210610993693,0.30247904405207765,0.1925271981451757,0.24750312109862665,0.9,19.03932584269663,0.18316813030989745,-0.16601597212592545,0.020003754504707982,12.951991022836,0.15240961901670075
242,243,0.0012348617814820907,0.0027005454376892333,0.01749553357847629,0.29296643930728106,0.5307539682539683,0.21031746031746032,0.3705357142857143,0.97,18.796875,0.19402651767270596,-0.1766361029028333,0.08047058276349203,13.593345899166069,0.14475615536235312
243,244,0.0018807925077648784,0.013743423747509814,0.003644463023780327,0.015872930485517123,0.3954745018574805,0.3574805808848362,0.37647754137115835,0.95,17.898936170212767,0.2146796172977238,-0.21596872676975187,0.19548097853505206,13.01749636582333,0.16057298506750758
244,245,0.21428448656252502,0.0016579398216691032,0.027067466180336494,0.06053635952377796,0.28388278388278393,0.3046398046398046,0.29426129426129427,0.92,19.12087912087912,0.20674353006518617,-0.16244367487197317,0.15128748941896064,11.832006476043041,0.15650789348871025
245,246,0.03653510746199194,0.00020658436887337,0.010057138368099143,0.02954615787593036,0.30296756383712903,0.3153899240855763,0.3091787439613527,0.94,18.467391304347824,0.21335672259030344,-0.1910685540247433,0.1881142080925071,12.59352066579971,0.18032772428344618
246,247,0.006602788784246928,5.774480535613067e-05,0.014527469939590183,0.008008243684609971,0.41244239631336405,0.4334357398873528,0.4229390681003584,0.94,18.64516129032258,0.21959336203819274,-0.18328165389165824,0.22284402512768986,13.413117605490404,0.17127995121037515
247,248,0.012660264223870408,1.285267376108163e-06,0.013387577642856021,3.229243645206219e-06,0.26617826617826607,0.5024420024420024,0.3843101343101343,0.94,18.642857142857142,0.25153523865888827,-0.18338258300017382,0.40071794906802227,12.300782989972834,0.17387180253299012
248,249,0.003291582211204215,0.00013678883490940633,0.000285750126293943,1.4717104784367645e-05,0.3876357560568087,0.47259816207184635,0.43011695906432756,0.96,16.83684210526316,0.24382269725874475,-0.26249188066637996,0.35776931399919387,11.582528154455462,0.16442387747577053
249,250,0.003132437695229625,0.00035279941855136213,0.023644629651401614,1.2229341957434241e-05,0.3952380952380953,0.42698412698412697,0.4111111111111111,0.92,18.816666666666666,0.25739994088133883,-0.17576916391447941,0.4333765686424583,14.678868030834893,0.2214608373682806
250,251,0.009277486494548744,2.0221259530707057e-05,0.013322072179042944,0.222327934566726,0.3678955453149001,0.19687660010240657,0.28238607270865335,0.94,18.661290322580644,0.19767827660256224,-0.18257515013204895,0.10080604075335957,12.496055569125824,0.1669493585324866
251,252,0.0018807925077648784,0.00055772145231323,0.002518527920502653,0.0027490820346954695,0.44224924012158046,0.42131036811887873,0.4317798041202296,0.95,17.78191489361702,0.22469236931632713,-0.22109463702564067,0.25123873854832945,12.161492793710824,0.17112888843036902
252,253,0.004104349885242876,0.0014038008593866248,0.002042878327867627,0.42380547840209015,0.35714285714285715,0.2103174603174603,0.2837301587301587,0.98,17.734375,0.1907648094746686,-0.2231770380670954,0.06230719046119518,11.98370271908374,0.15068009157721507
253,254,0.03699288578637046,7.072516114278709e-05,0.0274198110434638,0.0011672612836550991,0.3357753357753358,0.3485958485958486,0.3421855921855922,0.92,19.082417582417584,0.23022777606105996,-0.164128414606426,0.28206361868869895,12.564616228460066,0.17971628883427135
254,255,5.332993592002053e-05,5.768439976436186e-07,0.00025861686066190414,5.496454571062631e-08,0.418796992481203,0.5568086883876358,0.48780284043441935,0.98,16.757894736842104,0.2700413014974694,-0.2659500306476255,0.5037721951561194,11.920540246918062,0.19978570417807617
255,256,0.03060832765000372,0.0023572607688704273,0.021598173610429358,0.04597193633545439,0.3566308243727599,0.3044034818228366,0.3305171530977983,0.95,18.903225806451612,0.20688427389222788,-0.17197759373790955,0.15207124602423375,13.342723453780536,0.13970604387689797
256,257,0.002047654242397576,0.0063246337599882786,0.002493595909641988,0.0051033669669590725,0.45918367346938777,0.35487528344671204,0.40702947845804993,0.98,17.821428571428573,0.21974085314049902,-0.21936381018598985,0.22366535511481103,12.571276378948893,0.1587878900430655
257,258,0.028533924527116578,1.4574849914906597e-05,0.03253375075488008,0.4720605636679295,0.29181929181929184,0.1782661782661783,0.23504273504273507,0.93,19.14835164835165,0.16980002398935343,-0.16124028934736384,-0.05443888251136812,13.330229733784199,0.13617895404830213
258,259,0.04127708784929183,2.5192950892478393e-05,0.025910926931498462,0.2875483694329014,0.3714285714285715,0.47142857142857153,0.4214285714285715,0.93,19.05,0.19406118259612373,-0.16554840952546493,0.08066362044955636,12.231573442893147,0.13554300057352078
259,260,0.024778483366181436,0.0004419100757791233,0.036371059714165134,0.0643438373807788,0.28122843340234643,0.27191166321601107,0.27657004830917875,0.93,19.25,0.20724728437213608,-0.15678776290630975,0.15409273334194815,13.197805318210726,0.16838217881383674
260,261,0.142828876995466,4.736460570995193e-05,0.07143006749176714,0.3967973446990035,0.18970814132104452,0.21838197644649265,0.2040450588837686,0.95,19.806451612903224,0.19185255109900337,-0.13241338319978924,0.06836446985185878,12.37323513168657,0.1593823405035188
261,262,0.08975794012162594,0.0007474704985864215,0.017050984100708707,0.0014457242146191105,0.27440054035798717,0.3149273893954745,0.29466396487673086,0.95,18.819148936170212,0.22536871792130203,-0.17566043248480906,0.25500510399225923,12.645714744661525,0.1554896730722913
262,263,0.05883899795191253,9.578566050837527e-06,0.005898299420292445,1.3253769737295457e-05,0.2542242703533026,0.562467997951869,0.4083461341525858,0.94,18.241935483870968,0.25299303575695525,-0.2009442478818905,0.4088359470560928,11.82320774642789,0.20509661195073878
263,264,0.0003402548729532993,3.5112660617094894e-05,0.001728088747808714,7.224366397605952e-07,0.5082815734989649,0.4675638371290545,0.4879227053140097,0.94,17.456521739130434,0.26040243202249963,-0.23534790921938653,0.45009646544803084,13.11770546236473,0.19195486995713604
264,265,0.05448329806864799,2.501948374277581e-07,0.0836288614496754,0.0260472016325983,0.4017094017094017,0.17338217338217338,0.2875457875457875,0.94,19.89010989010989,0.149260304112383,-0.12874888018291458,-0.16881790333523658,12.645157653261435,0.13576641251072089
265,266,0.025247315705930123,2.4653575192266923e-05,0.1358962452177373,0.15172245221059458,0.4413722478238607,0.1402969790066564,0.29083461341525857,0.94,20.252688172043012,0.15999507800185087,-0.11286677918393202,-0.10903943831246687,14.052058291798275,0.13958562798320517
266,267,0.07667057810032885,0.00039304620544433096,0.04917822520679344,0.048291534630352594,0.2985347985347985,0.3705738705738707,0.3345543345543346,0.91,19.483516483516482,0.20896552846071573,-0.14655898594713132,0.1636610759272088,12.674377230609567,0.16565206855860828
267,268,0.012018885225373381,0.00023341089634765287,0.003917776879108917,0.00043705699009958496,0.37757514353259036,0.5064167510976023,0.44199594731509634,0.95,18.00531914893617,0.23121436654806576,-0.2113088083553077,0.2875576202882238,12.247338981680327,0.16189923556333788
268,269,0.0006756646595311225,4.7791505912728055e-08,0.0001478349482483443,0.00014593215154265943,0.43082706766917295,0.5568086883876358,0.4938178780284044,0.97,16.6,0.23299340375506092,-0.2728663306101164,0.29746449998104213,11.167999396772718,0.1482506544613457
269,270,3.498533983776123e-05,1.6125366914490028e-05,0.006595085924378531,0.6762313366200716,0.53240058910162,0.18024873179512357,0.3563246604483718,0.98,18.201030927835053,0.18566111245385558,-0.20273599968461092,0.03388636138860368,13.930360633910238,0.16483188284797728
270,271,0.007223981824594293,0.0001616771786810829,0.004602114974379754,0.006302546314277194,0.3397500844309355,0.44258696386355956,0.39116852414724756,0.94,18.122340425531913,0.22027643098986097,-0.20618289809941906,0.22664781399701117,11.878302714338952,0.1678461457365274
271,272,0.0008220387390603633,0.001899957005505504,0.006301193547494895,0.014780403669319531,0.4593042890915231,0.35748058088483614,0.4083924349881796,0.96,18.18617021276596,0.21393657315109507,-0.2033869470507524,0.19134320730791898,13.183037142914113,0.15003201974605138
272,273,0.0003585231973390141,1.893643048920282e-09,9.862826130220789e-05,1.9882281495539627e-12,0.40348182283666145,0.669994879672299,0.5367383512544802,0.95,16.413978494623656,0.29603241435488725,-0.2810146739709436,0.6485082507869131,10.822523222555974,0.1914712072097361
273,274,0.000823363067330643,5.051321472678656e-06,0.0007683036452105363,5.447268414549163e-08,0.32916053019145797,0.5307641957126492,0.4299623629520536,0.98,17.283505154639176,0.2637369003561571,-0.24292659499929212,0.46866503528522535,12.021009790100196,0.17750964230355282
274,275,4.1269634692874335e-05,1.286164880146773e-06,0.0014506147005470074,2.0613013908671735e-08,0.4373433583959899,0.5357560568086883,0.4865497076023391,0.95,17.41578947368421,0.2663812322096517,-0.23713211413724647,0.48339045948515313,13.303274751487823,0.17546857903775
275,276,0.005628677940098893,8.33557334717372e-05,0.006817167569673279,0.15919918146023798,0.28996890852560947,0.2627229585992473,0.2763459335624284,0.98,18.324742268041238,0.20031296673606533,-0.19731704301296854,0.11547777334997958,12.718207023084183,0.1679097450568827
276,277,0.0053268104718741235,0.00037863797170442724,0.009662929511708607,0.008390534270557538,0.34195997239475506,0.3806073153899241,0.3612836438923396,0.93,18.41304347826087,0.21905401007764713,-0.19344916451907881,0.2198405494475853,12.984649945820678,0.16791702475004136
277,278,0.06950556751536176,0.00519446757141709,0.04179769632151783,0.11951678751328165,0.2744495647721454,0.23988735279057863,0.257168458781362,0.94,19.392473118279568,0.20167801490530002,-0.15054697969642775,0.12307928271377268,12.723665500796502,0.15228481922930887
278,279,0.04895207405802901,0.0009137112554996763,0.0672272833587866,0.2816049181208582,0.33436853002070394,0.1849551414768806,0.25966183574879226,0.92,19.668478260869566,0.19486995809364446,-0.13845706209992512,0.08516742819507868,13.770296714208941,0.15178631085897795
279,280,0.042107142020570525,1.5513445525927324e-06,0.0854473122952999,1.594653665238921e-05,0.3264208909370199,0.5624679979518689,0.4444444444444444,0.94,19.897849462365592,0.2474403220906685,-0.12840986189533649,0.37791469029750885,13.29070318207854,0.18208427914267888
280,281,0.0005136496084255748,0.0002873800341991828,0.01694227611698443,0.023784193873748978,0.3996960486322188,0.26899696048632216,0.3343465045592705,0.95,18.8031914893617,0.21385174206203683,-0.1763594202469757,0.1908708105585951,12.810239024192674,0.17412798623668377
281,282,0.0656322059565939,0.0016579398216691032,0.05743703872637416,0.032213922216943615,0.3125763125763125,0.2606837606837607,0.2866300366300366,0.91,19.53846153846154,0.2112808654118826,-0.14415221489791272,0.1765544344996748,13.693310865831569,0.16371266913069352
282,283,0.05495836178472632,0.0004419100757791233,0.027019792688802287,0.06110509328319327,0.28122843340234643,0.33712905452035885,0.30917874396135264,0.95,19.10326086956522,0.20625014405487677,-0.16321541124101596,0.14853998316836867,12.341723604936334,0.15213008022537725
283,284,0.013711398969900094,2.039621045381181e-06,0.007345851491050156,2.41086316153633e-05,0.32417582417582413,0.4804639804639804,0.4023199023199023,0.93,18.25824175824176,0.2478720895040299,-0.20022998034470305,0.38031906261902737,12.67630883576898,0.1899521395984011
284,285,0.02276322078390046,0.005484653014568308,0.03229711859796719,0.02265079495620078,0.3247066942719117,0.3806073153899241,0.3526570048309179,0.94,19.157608695652176,0.21227799084893864,-0.16083480074668027,0.1821071018102411,13.344908112929556,0.15413557228533079
285,286,0.08255303329338322,6.018370504214444e-05,0.020687195028244697,4.226455035527863e-05,0.26713947990543735,0.5276933468422831,0.39741641337386024,0.96,18.9468085106383,0.2415901595927733,-0.17006853038747588,0.34533703772104807,12.563766731965645,0.17095725755753607
286,287,0.04026103726115829,2.2710451063713434e-06,0.011082254538625975,0.8381246111565324,0.2942612942612943,0.21672771672771668,0.2554945054945055,0.93,18.543956043956044,0.1825221098557346,-0.18771477088876706,0.01640627667044671,12.094783261882538,0.15612258665507728
287,288,0.0018079089925244856,0.0003447434575395014,0.03478134164513844,0.07410946300148848,0.4613095238095237,0.2728174603174603,0.367063492063492,0.97,19.25,0.20446652302110602,-0.15678776290630975,0.1386075776348203,13.594576124322524,0.14887195420337992
288,289,0.003152746144000642,0.00010224372489039672,0.00347318111969014,8.99251413284383e-06,0.42097264437689974,0.5064167510976022,0.46369469773725097,0.95,17.9468085106383,0.2460130318259014,-0.213871763483252,0.369966574943777,12.185505010773543,0.16629492110050825
289,290,0.004613896057980209,2.3464410463705504e-06,0.035992919144871176,0.4123930045536539,0.38940092165898615,0.2296466973886328,0.3095238095238095,0.94,19.22043010752688,0.1917622006197735,-0.15808301979892683,0.06786133741348184,13.755245796123809,0.16788422808339779
290,291,0.17037860451053835,7.669324115732948e-05,0.14315259556098597,0.029486689859068844,0.2993979200875753,0.319376026272578,0.3093869731800767,0.88,20.298850574712645,0.2145205867163161,-0.110844716699533,0.19459538894125927,12.651940873803662,0.18730171408955495
291,292,0.0002023447018804102,8.79563088582025e-07,0.008936460346401397,1.9930633155635618e-05,0.45079365079365075,0.47259816207184635,0.46169590643274855,0.95,18.394736842105264,0.2480019270613383,-0.19425105436980244,0.381042085754691,13.310639736462926,0.1902789388129614
292,293,0.019323597525035804,6.061935574489116e-06,0.0660492742531906,0.3226739317128322,0.44603174603174595,0.2174603174603174,0.3317460317460317,0.92,19.677777777777777,0.1952233223421485,-0.13804971319311665,0.08713519878689535,12.90441593475985,0.18594142083209697
293,294,0.0006793023022179592,8.148838436557605e-05,0.006302154696249139,0.0056913352350003955,0.4593042890915231,0.48514015535292127,0.4722222222222222,0.95,18.18617021276596,0.21833975975390818,-0.2033869470507524,0.21586312165685917,13.18404581515606,0.1478410135874827
294,295,0.01665025686744799,0.0004419100757791233,0.018248211455588418,0.05205388922281493,0.3202208419599724,0.3588681849551415,0.339544513457557,0.94,18.777173913043477,0.20827589696556945,-0.17749907420703004,0.1598207423872868,13.350900500982904,0.16416141903454776
295,296,0.00044252176128215843,1.014948983555919e-06,0.0008540134643100701,0.00017769267018232684,0.44093567251461985,0.5568086883876358,0.4988721804511278,0.96,17.33684210526316,0.23306034639916937,-0.2405902641184919,0.2978372817974616,11.503876258682082,0.15299673821802157
296,297,0.004071412328004188,0.005359792133330953,0.007702328759772618,0.002611995556809669,0.38471608574701355,0.3039600720013091,0.34433807887416135,0.98,18.391752577319586,0.224216453038638,-0.194381774815829,0.2485885155578369,12.737886261582366,0.16844160655094398
297,298,0.0011956894219128634,0.005033325218687511,0.006988491311618446,0.4427674387029428,0.3988095238095237,0.16865079365079366,0.2837301587301587,0.97,18.286458333333332,0.19008983391989642,-0.19899400312880242,0.058548471087351645,13.125941393157188,0.14386457359688376
298,299,0.005839614936843702,5.803345906236418e-07,0.019594533874463957,2.6529693357836138e-05,0.4109062980030722,0.5624679979518689,0.48668714797747054,0.94,18.881720430107528,0.23840429071835514,-0.17291959875072188,0.3275959699503158,12.765965725752517,0.14401732759821592
299,300,0.0011200389464139327,0.00016201233129926968,0.0019903636217851145,7.408621886477032e-05,0.3992799869088529,0.42767141220749466,0.41347569955817376,0.98,17.675257731958762,0.23801249672147065,-0.22576656553909122,0.32541419658647536,12.701984834977848,0.16505592170095254
