,Unnamed: 0.9,Unnamed: 0.8,Unnamed: 0.7,Unnamed: 0.6,Unnamed: 0.5,Unnamed: 0.4,Unnamed: 0.3,Unnamed: 0.2,Unnamed: 0.1,Unnamed: 0,gTON_STN_MEAN_nS_pF,gTON_STN_SIGMA,gTON_STN_THETA,gTON_CL_S_MEAN_nS_pF,gTON_CL_S_SIGMA,gTON_CL_S_THETA,gTON_CL_D_MEAN_nS_pF,gTON_CL_D_SIGMA,gTON_CL_D_THETA,gKCC2_S_nS_pF,gKCC2_D_nS_pF,gTRPC3_nS_pF,gHCN_nS_pF,gCA_nS_pF,gL_nS_pF,gSK_nS_pF,gNAP_nS_pF,gNAF_nS_pF,gKDR_nS_pF,gSD_nS,soma_noise_intensity,soma_noise_intensity_theta,dend_noise_intensity,dend_noise_intensity_theta,Eleak_mV,CL_in_S,CL_in_D,Iapp,Iapp_dend,gpe_stim,gpe_stim_freqs,gpe_poisson,W_gpe,gpe_start_time,gpe_base_length,gpe_stim_length,gpe_post_length,str_stim,str_stim_freqs,str_poisson,W_str,str_start_time,str_base_length,str_stim_length,str_post_length,tausyn,tauexc,tausyn_dend,pre_exp_fr,pre_exp_cv,pre_exp_fr_zscore,pre_exp_cv_zscore,connections,total_weight,sim,rel_error
0,0.0,0.0,0.0,0.0,0.0,0.0,0.0,160.0,14010.0,10.0,0.0340034780982997,0.005,0.001,0.017316,0.005,0.001,0.017316,0.002,0.0004,0.001314,0.001314,0.116018,0.0,0.834204,0.049134,0.010386,0.16971,38.325,35.7532,26.5,0.10824,0.1,0.04328,0.04,-57.6004,13.631772047550491,13.631772047550491,0.0,0.0,1.0,20.0,0.0,0.0805534159093397,5.0,1.0,1.0,1.0,0.0,0.0,0.0,0.0,0.0,0.0,0.0,0.0,9.220900219847865,5.0,0.0,4.5,0.3642236488056772,-0.5378697235056932,1.0770731141627266,2.0,0.197436,141.0,0.0080457733911297
1,1.0,1.0,1.0,1.0,1.0,1.0,1.0,23.0,66110.0,10.0,0.0101653457387468,0.005,0.001,0.0075322,0.005,0.001,0.0075322,0.002,0.0004,0.00523,0.00523,0.100318,0.0,1.19935,0.015899,0.010233,0.210238,29.0481,18.641,26.5,1.0852,0.1,0.43408,0.04,-56.5581,8.409974054975653,8.409974054975653,0.0,0.0,1.0,20.0,0.0,0.06442557540777695,5.0,1.0,1.0,1.0,0.0,0.0,0.0,0.0,0.0,0.0,0.0,0.0,8.67459444371459,5.0,0.0,3.5,0.0872836680596964,-0.5687580516638726,-0.2804324911293014,3.0,0.71033,662.0,0.0382155270387607
2,2.0,2.0,2.0,2.0,2.0,2.0,2.0,120.0,103267.0,67.0,0.0050539528704313,0.005,0.001,0.0024518,0.005,0.001,0.0024518,0.002,0.0004,0.004574,0.004574,0.09207,0.0,0.810504,0.043855,0.008438,0.192658,34.6124,54.8244,26.5,0.07768,0.1,0.03112,0.04,-58.3522,6.096658822110855,6.096658822110855,0.0,0.0,1.0,20.0,0.0,0.08759024173630245,5.0,1.0,1.0,1.0,0.0,0.0,0.0,0.0,0.0,0.0,0.0,0.0,7.841462712326838,5.0,0.0,3.0,0.2462019474422914,-1.2643904176053913,0.5350486046522148,2.0,0.864421,1033.0,0.0570580155796216
3,3.0,3.0,3.0,3.0,3.0,3.0,3.0,172.0,124120.0,20.0,0.0344083111933622,0.005,0.001,0.0090402,0.005,0.001,0.0090402,0.002,0.0004,0.001078,0.001078,0.110732,0.0,0.764274,0.054807,0.008124,0.1595,43.4084,63.5912,26.5,0.7079199999999999,0.1,0.2832,0.04,-58.9219,12.937671415291977,12.937671415291977,0.0,0.0,1.0,20.0,0.0,0.06673515878872958,5.0,1.0,1.0,1.0,0.0,0.0,0.0,0.0,0.0,0.0,0.0,0.0,9.05177781590022,5.0,0.0,4.0,0.1989401832901281,-0.4660118681991761,0.21086965607091,1.0,0.238459,1242.0,0.0065670445809396
4,4.0,4.0,4.0,4.0,4.0,4.0,4.0,150.0,78859.0,59.0,0.0357309102830064,0.005,0.001,0.0047528,0.005,0.001,0.0047528,0.002,0.0004,0.007051,0.007051,0.09451,0.0,0.533496,0.03053,0.007169,0.115043,12.8204,60.4706,26.5,0.08768,0.1,0.03504,0.04,-55.5179,6.53456177100308,6.53456177100308,0.0,0.0,1.0,20.0,0.0,0.049907617023197855,5.0,1.0,1.0,1.0,0.0,0.0,0.0,0.0,0.0,0.0,0.0,0.0,8.177753799351997,5.0,0.0,3.0,0.3560571026154536,-0.90280820983851,1.1003922868336986,2.0,0.651833,789.0,0.0776641284698416
5,5.0,5.0,5.0,5.0,5.0,5.0,5.0,61.0,89698.0,98.0,0.0397363291080612,0.005,0.001,0.0101478,0.005,0.001,0.0101478,0.002,0.0004,0.002057,0.002057,0.044133,0.0,0.809074,0.025437,0.011965,0.163143,41.0137,64.4101,26.5,0.06832,0.1,0.02736,0.04,-61.0014,11.829132645763773,11.829132645763773,0.0,0.0,1.0,20.0,0.0,0.09454192211707964,5.0,1.0,1.0,1.0,0.0,0.0,0.0,0.0,0.0,0.0,0.0,0.0,8.144213799095253,5.0,0.0,2.5,0.052821874679596,-0.7767360365327276,-0.5980756794776787,2.0,0.5510539999999999,897.0,0.1970366442995458
6,6.0,6.0,6.0,6.0,6.0,6.0,6.0,121.0,65356.0,56.0,0.0387354098269825,0.005,0.001,0.0168272,0.005,0.001,0.0168272,0.002,0.0004,0.004877,0.004877,0.111747,0.0,0.756412,0.058242,0.01307,0.270877,9.96719,61.3923,26.5,0.87408,0.1,0.3495999999999999,0.04,-57.0407,10.913049537813029,10.913049537813029,0.0,0.0,1.0,20.0,0.0,0.06467105330231065,5.0,1.0,1.0,1.0,0.0,0.0,0.0,0.0,0.0,0.0,0.0,0.0,8.458782487447358,5.0,0.0,4.5,0.1593299063170794,-0.4695223115846195,0.2390209922799568,1.0,0.293047,654.0,0.0452890652481088
7,7.0,7.0,7.0,7.0,7.0,7.0,7.0,214.0,88464.0,64.0,0.0343062025410219,0.005,0.001,0.012337,0.005,0.001,0.012337,0.002,0.0004,0.001109,0.001109,0.092801,0.0,0.752844,0.047607,0.012124,0.143029,36.3532,51.4186,26.5,0.04328,0.1,0.01728,0.04,-56.3391,13.397236833904907,13.397236833904907,0.0,0.0,1.0,20.0,0.0,0.0900992571644663,5.0,1.0,1.0,1.0,0.0,0.0,0.0,0.0,0.0,0.0,0.0,0.0,9.14704769014249,5.0,0.0,5.0,0.1980513761816469,-0.4387789792136601,0.6224500282030175,2.0,0.573553,885.0,0.0033797592753633
8,8.0,8.0,8.0,8.0,8.0,8.0,8.0,223.0,48987.0,87.0,0.0089333532792448,0.005,0.001,0.0154986,0.005,0.001,0.0154986,0.002,0.0004,0.001011,0.001011,0.092705,0.0,0.430305,0.048689,0.008068,0.169934,31.1721,38.8836,26.5,0.48416,0.1,0.19368,0.04,-57.8398,13.817220120302457,13.817220120302457,0.0,0.0,1.0,20.0,0.0,0.10169285354205562,5.0,1.0,1.0,1.0,0.0,0.0,0.0,0.0,0.0,0.0,0.0,0.0,9.171483354730546,5.0,0.0,4.0,0.3617382682855741,-0.5472940684483523,1.1759202138682998,3.0,0.67847,490.0,0.0782889064418901
9,9.0,9.0,9.0,9.0,9.0,9.0,9.0,15.0,103745.0,45.0,0.0354250535022129,0.005,0.001,0.014716,0.005,0.001,0.014716,0.002,0.0004,0.00071,0.00071,0.10326,0.0,0.677797,0.039555,0.008847,0.149091,38.5793,40.4266,26.5,0.86944,0.1,0.34776,0.04,-57.1206,14.12644863465568,14.12644863465568,0.0,0.0,1.0,20.0,0.0,0.0973076599741379,5.0,1.0,1.0,1.0,0.0,0.0,0.0,0.0,0.0,0.0,0.0,0.0,8.855145166336527,5.0,0.0,8.5,0.2896728434639072,0.0929826880266719,1.1388045429097051,1.0,0.40011,1038.0,0.007382733772461
10,10.0,10.0,10.0,10.0,10.0,10.0,10.0,4.0,42576.0,76.0,0.0250041396432547,0.005,0.001,0.0157534,0.005,0.001,0.0157534,0.002,0.0004,0.00376,0.00376,0.092746,0.0,0.802716,0.044062,0.011172,0.182944,42.4625,45.1494,26.5,1.0548,0.1,0.42192,0.04,-56.087,11.425391486686085,11.425391486686085,0.0,0.0,1.0,20.0,0.0,0.09719459739021294,5.0,1.0,1.0,1.0,0.0,0.0,0.0,0.0,0.0,0.0,0.0,0.0,8.441456985484812,5.0,0.0,7.5,0.1902193762120013,-0.1463769790848904,0.0559051967386331,1.0,0.265111,426.0,0.0385744064190657
11,11.0,11.0,11.0,11.0,11.0,11.0,11.0,193.0,19149.0,49.0,0.0384010323067305,0.005,0.001,0.0050284,0.005,0.001,0.0050284,0.002,0.0004,0.000746,0.000746,0.128077,0.0,0.846194,0.031748,0.01435,0.236351,32.1249,56.4262,26.5,1.0983999999999998,0.1,0.43936,0.04,-57.784,12.52033472834062,12.52033472834062,0.0,0.0,1.0,20.0,0.0,0.10595400715401251,5.0,1.0,1.0,1.0,0.0,0.0,0.0,0.0,0.0,0.0,0.0,0.0,8.651816554334417,5.0,0.0,9.0,0.3542399154597326,-0.0632888037083952,0.933455787648628,3.0,0.359607,192.0,0.0143051857809303
12,12.0,12.0,12.0,12.0,12.0,12.0,12.0,176.0,108040.0,40.0,0.0370563851625688,0.005,0.001,0.0144404,0.005,0.001,0.0144404,0.002,0.0004,0.009897,0.009897,0.104543,0.0,0.755549,0.039465,0.008574,0.162913,31.783,49.2205,26.5,0.0632,0.1,0.0252799999999999,0.04,-57.9872,8.446604767190529,8.446604767190529,0.0,0.0,1.0,20.0,0.0,0.04528497952636877,5.0,1.0,1.0,1.0,0.0,0.0,0.0,0.0,0.0,0.0,0.0,0.0,7.404136277669339,5.0,0.0,6.5,0.3800633578955626,-0.6332117167401804,1.1360372301741355,2.0,0.8522890000000001,1081.0,0.0106280634382625
13,13.0,13.0,13.0,13.0,13.0,13.0,13.0,89.0,74804.0,4.0,0.0227965842221154,0.005,0.001,0.0146874,0.005,0.001,0.0146874,0.002,0.0004,0.002305,0.002305,0.096489,0.0,0.655395,0.04531,0.009221,0.16168,41.1366,52.1033,26.5,0.0832,0.1,0.03328,0.04,-55.8911,12.40398994665651,12.40398994665651,0.0,0.0,1.0,20.0,0.0,0.05256654036963271,5.0,1.0,1.0,1.0,0.0,0.0,0.0,0.0,0.0,0.0,0.0,0.0,6.979921407957793,5.0,0.0,7.0,0.3495862436722388,-0.0164055077626972,1.627848448769258,3.0,0.952438,749.0,0.0177092187246343
14,14.0,14.0,14.0,14.0,14.0,14.0,14.0,139.0,79571.0,71.0,0.061048074889356,0.005,0.001,0.0033384,0.005,0.001,0.0033384,0.002,0.0004,0.006092,0.006092,0.099648,0.0,0.629857,0.037472,0.01047,0.148956,38.546,47.5841,26.5,0.92224,0.1,0.36888,0.04,-56.0686,6.136066416545073,6.136066416545073,0.0,0.0,1.0,20.0,0.0,0.07597971123282063,5.0,1.0,1.0,1.0,0.0,0.0,0.0,0.0,0.0,0.0,0.0,0.0,8.654862692344022,5.0,0.0,9.5,0.1453491971958857,0.0850403240103491,-0.1940842271680165,1.0,0.421595,796.0,0.0389541053227404
15,15.0,15.0,15.0,15.0,15.0,15.0,15.0,46.0,22545.0,45.0,0.0409690150209466,0.005,0.001,0.0114764,0.005,0.001,0.0114764,0.002,0.0004,0.008212,0.008212,0.095379,0.0,0.790757,0.037773,0.007262,0.178878,27.7186,48.2671,26.5,0.8512799999999999,0.1,0.34048,0.04,-58.4186,8.32575349003986,8.32575349003986,0.0,0.0,1.0,20.0,0.0,0.07309282262740012,5.0,1.0,1.0,1.0,0.0,0.0,0.0,0.0,0.0,0.0,0.0,0.0,7.996233823276358,5.0,0.0,9.5,0.0677181912060259,0.1400844219791328,-0.2259302658255842,1.0,0.08862,226.0,0.1354856524509147
16,16.0,16.0,16.0,16.0,16.0,16.0,16.0,97.0,102394.0,94.0,0.0396145363810913,0.005,0.001,0.0169442,0.005,0.001,0.0169442,0.002,0.0004,0.005979,0.005979,0.112145,0.0,0.707563,0.03049,0.010409,0.17571,36.0426,54.3682,26.5,0.75312,0.1,0.30128,0.04,-60.7226,10.365030408367824,10.365030408367824,0.0,0.0,1.0,20.0,0.0,0.10330224688552034,5.0,1.0,1.0,1.0,0.0,0.0,0.0,0.0,0.0,0.0,0.0,0.0,8.957013103525865,5.0,0.0,8.0,0.2531674228492009,-0.218622931393375,0.5495789551185586,1.0,0.375307,1024.0,0.0039239489357266
17,17.0,17.0,17.0,17.0,17.0,17.0,17.0,45.0,14965.0,65.0,0.0336208793722346,0.005,0.001,0.0157456,0.005,0.001,0.0157456,0.002,0.0004,0.001147,0.001147,0.115079,0.0,0.581415,0.050626,0.010004,0.181358,35.4941,44.8527,26.5,0.89688,0.1,0.3588,0.04,-58.9538,13.684018221855414,13.684018221855414,0.0,0.0,1.0,20.0,0.0,0.0738855237600958,5.0,1.0,1.0,1.0,0.0,0.0,0.0,0.0,0.0,0.0,0.0,0.0,9.04233493749176,5.0,0.0,7.5,0.1825167668614295,-0.1055090214204873,0.1926688235356071,1.0,0.079759,150.0,0.0023569674724055
18,18.0,18.0,18.0,18.0,18.0,18.0,18.0,117.0,43588.0,88.0,0.025546944876276,0.005,0.001,0.0069862,0.005,0.001,0.0069862,0.002,0.0004,0.004692,0.004692,0.107309,0.0,0.713701,0.031538,0.009261,0.168477,38.2209,67.9345,26.5,0.8135199999999999,0.1,0.3254399999999999,0.04,-58.4093,8.503843357763605,8.503843357763605,0.0,0.0,1.0,20.0,0.0,0.04872499661903425,5.0,1.0,1.0,1.0,0.0,0.0,0.0,0.0,0.0,0.0,0.0,0.0,6.986169771797933,5.0,0.0,12.5,0.2725913473417835,0.4052866646416463,0.5846549612211338,3.0,0.484799,436.0,0.0081467649532005
19,19.0,19.0,19.0,19.0,19.0,19.0,19.0,54.0,103198.0,98.0,0.0218078373797473,0.005,0.001,0.0165958,0.005,0.001,0.0165958,0.002,0.0004,0.000761,0.000761,0.097759,0.0,0.750254,0.040645,0.008536,0.168722,39.2269,51.9269,26.5,0.77864,0.1,0.31144,0.04,-56.4238,14.171391411822375,14.171391411822375,0.0,0.0,1.0,20.0,0.0,0.025938282701627784,5.0,1.0,1.0,1.0,0.0,0.0,0.0,0.0,0.0,0.0,0.0,0.0,6.824277299850654,5.0,0.0,11.0,0.2972297298743744,0.6448681634677028,0.6827794781566494,1.0,0.430372,1032.0,0.0255541008799565
20,20.0,20.0,20.0,20.0,20.0,20.0,20.0,237.0,44481.0,81.0,0.033673178952208,0.005,0.001,0.0057538,0.005,0.001,0.0057538,0.002,0.0004,0.002352,0.002352,0.125992,0.0,0.801517,0.037433,0.011333,0.164652,37.3136,48.2578,26.5,0.08008,0.1,0.032,0.04,-57.384,9.9424393663717,9.9424393663717,0.0,0.0,1.0,20.0,0.0,0.09366216710334463,5.0,1.0,1.0,1.0,0.0,0.0,0.0,0.0,0.0,0.0,0.0,0.0,7.754214104451048,5.0,0.0,15.0,0.1286359399524383,0.5543494569256167,-0.0830401857068401,1.0,0.240077,445.0,0.2031112524401148
21,21.0,21.0,21.0,21.0,21.0,21.0,21.0,236.0,112918.0,18.0,0.0446543824288256,0.005,0.001,0.006396,0.005,0.001,0.006396,0.002,0.0004,0.006799,0.006799,0.094575,0.0,0.479149,0.045069,0.011974,0.147321,45.5954,50.501,26.5,0.5883200000000001,0.1,0.23536,0.04,-55.0008,7.284633905707218,7.284633905707218,0.0,0.0,1.0,20.0,0.0,0.08318404597361054,5.0,1.0,1.0,1.0,0.0,0.0,0.0,0.0,0.0,0.0,0.0,0.0,8.44282242463445,5.0,0.0,10.5,0.2202472917073133,0.1985908374421997,0.2773119843904624,1.0,0.454108,1130.0,0.0049546595604615
22,22.0,22.0,22.0,22.0,22.0,22.0,22.0,164.0,21758.0,58.0,0.0229940502247288,0.005,0.001,0.0149214,0.005,0.001,0.0149214,0.002,0.0004,0.001943,0.001943,0.08992,0.0,0.39715,0.029465,0.011572,0.167639,30.68,25.5915,26.5,0.72,0.1,0.288,0.04,-55.3313,12.776157960326843,12.776157960326843,0.0,0.0,1.0,20.0,0.0,0.05947654666840296,5.0,1.0,1.0,1.0,0.0,0.0,0.0,0.0,0.0,0.0,0.0,0.0,7.992852704366862,5.0,0.0,12.5,0.1473167305482114,0.159284051568527,0.1393797118326423,1.0,0.065065,218.0,0.0847959576522426
23,23.0,23.0,23.0,23.0,23.0,23.0,23.0,198.0,79301.0,1.0,0.038790509319197,0.005,0.001,0.016575,0.005,0.001,0.016575,0.002,0.0004,0.000687,0.000687,0.103873,0.0,1.03845,0.048199,0.006811,0.22498,26.4192,53.4346,26.5,0.78608,0.1,0.3144,0.04,-56.588,14.255135940653515,14.255135940653515,0.0,0.0,1.0,20.0,0.0,0.07592109017112701,5.0,1.0,1.0,1.0,0.0,0.0,0.0,0.0,0.0,0.0,0.0,0.0,8.903515106514666,5.0,0.0,14.0,0.4190266740930285,0.5455811758118222,1.2683512682241371,1.0,0.226099,794.0,0.0031636813669761
24,24.0,24.0,24.0,24.0,24.0,24.0,24.0,50.0,49470.0,70.0,0.0291317786635045,0.005,0.001,0.0047034,0.005,0.001,0.0047034,0.002,0.0004,0.001073,0.001073,0.097353,0.0,0.800857,0.02436,0.00954,0.110521,39.2931,38.8521,26.5,0.07368,0.1,0.02944,0.04,-54.1004,11.539746285487867,11.539746285487867,0.0,0.0,1.0,20.0,0.0,0.032681908067624166,5.0,1.0,1.0,1.0,0.0,0.0,0.0,0.0,0.0,0.0,0.0,0.0,8.47464663881324,5.0,0.0,11.5,0.2307279149835355,0.4042280483453833,0.3482490937500056,1.0,0.202567,495.0,0.0110902251156885
25,25.0,25.0,25.0,25.0,25.0,25.0,25.0,203.0,90928.0,28.0,0.0401854648935605,0.005,0.001,0.002327,0.005,0.001,0.002327,0.002,0.0004,0.003233,0.003233,0.099271,0.0,0.479737,0.032737,0.010145,0.206835,36.2043,10.5366,26.5,1.00992,0.1,0.4039999999999999,0.04,-56.3898,6.671772234668968,6.671772234668968,0.0,0.0,1.0,20.0,0.0,0.05400660483204114,5.0,1.0,1.0,1.0,0.0,0.0,0.0,0.0,0.0,0.0,0.0,0.0,7.534688449077372,5.0,0.0,13.0,0.0935107136909707,0.7057256667400508,-0.3681637078342079,0.0,0.0,910.0,0.0918554257849683
26,26.0,26.0,26.0,26.0,26.0,26.0,26.0,147.0,15971.0,71.0,0.0232271098226912,0.005,0.001,0.0029484,0.005,0.001,0.0029484,0.002,0.0004,0.003553,0.003553,0.130229,0.0,0.845157,0.039258,0.009076,0.160524,32.49,37.8645,26.5,0.98096,0.1,0.3923999999999999,0.04,-57.7729,6.987177323619278,6.987177323619278,0.0,0.0,1.0,20.0,0.0,0.04216595075817304,5.0,1.0,1.0,1.0,0.0,0.0,0.0,0.0,0.0,0.0,0.0,0.0,7.28175365433977,5.0,0.0,13.5,0.1779471608211121,0.6892917961675734,-0.0043208840240037,1.0,0.109984,160.0,0.0582987287684869
27,27.0,27.0,27.0,27.0,27.0,27.0,27.0,59.0,110357.0,57.0,0.0388108988696224,0.005,0.001,0.0033254,0.005,0.001,0.0033254,0.002,0.0004,0.001283,0.001283,0.092656,0.0,0.697925,0.024272,0.009788,0.18375,32.4448,32.8596,26.5,0.784,0.1,0.3136,0.04,-57.757,10.109465626610795,10.109465626610795,0.0,0.0,1.0,20.0,0.0,0.059391809988141156,5.0,1.0,1.0,1.0,0.0,0.0,0.0,0.0,0.0,0.0,0.0,0.0,7.299914473026673,5.0,0.0,13.5,0.2518934281777235,0.7180236346487233,0.2727755679555085,1.0,0.449987,1104.0,0.0185065540179815
28,28.0,28.0,28.0,28.0,28.0,28.0,28.0,154.0,78338.0,38.0,0.0210000415840061,0.005,0.001,0.0134888,0.005,0.001,0.0134888,0.002,0.0004,0.002276,0.002276,0.125749,0.0,0.940776,0.048429,0.010012,0.17853,37.8195,45.6847,26.5,0.84152,0.1,0.33664,0.04,-58.1594,12.248663431485369,12.248663431485369,0.0,0.0,1.0,20.0,0.0,0.05146867123284436,5.0,1.0,1.0,1.0,0.0,0.0,0.0,0.0,0.0,0.0,0.0,0.0,8.118510904552616,5.0,0.0,12.5,0.0584414759591098,0.4138199439413568,-0.9554411060123882,0.0,0.0,784.0,0.1349879172091372
29,29.0,29.0,29.0,29.0,29.0,29.0,29.0,141.0,24121.0,21.0,0.0134612744787612,0.005,0.001,0.0085124,0.005,0.001,0.0085124,0.002,0.0004,0.000894,0.000894,0.111692,0.0,0.785676,0.037941,0.011605,0.242746,37.1989,36.0446,26.5,0.57104,0.1,0.2284,0.04,-56.0436,13.155172661160078,13.155172661160078,0.0,0.0,1.0,20.0,0.0,0.08160492047069937,5.0,1.0,1.0,1.0,0.0,0.0,0.0,0.0,0.0,0.0,0.0,0.0,8.74276075331265,5.0,0.0,13.5,0.1086859170487177,0.337601707425912,-0.1698934610330177,1.0,0.059864,242.0,0.2015567140014074
30,30.0,30.0,30.0,30.0,30.0,30.0,30.0,187.0,42285.0,85.0,0.0212250434591756,0.005,0.001,0.0109408,0.005,0.001,0.0109408,0.002,0.0004,0.001988,0.001988,0.120409,0.0,0.550586,0.035168,0.010013,0.195592,34.2645,50.3608,26.5,0.07304,0.1,0.0291999999999999,0.04,-57.9142,12.083741808339228,12.083741808339228,0.0,0.0,1.0,20.0,0.0,0.040501413844480055,5.0,1.0,1.0,1.0,0.0,0.0,0.0,0.0,0.0,0.0,0.0,0.0,7.8559194778562675,5.0,0.0,17.0,0.2285255985251476,0.8978675561750065,0.1419893549225316,2.0,0.485426,423.0,0.0101258717963971
31,31.0,31.0,31.0,31.0,31.0,31.0,31.0,86.0,80365.0,65.0,0.0337509979533275,0.005,0.001,0.0144014,0.005,0.001,0.0144014,0.002,0.0004,0.00464,0.00464,0.097717,0.0,0.634003,0.047309,0.006194,0.236617,30.5806,47.8137,26.5,0.57552,0.1,0.23024,0.04,-54.3827,10.621285542135077,10.621285542135077,0.0,0.0,1.0,20.0,0.0,0.040497678912526855,5.0,1.0,1.0,1.0,0.0,0.0,0.0,0.0,0.0,0.0,0.0,0.0,7.754942803632694,5.0,0.0,16.0,0.2746524719487551,1.320252683460153,0.891061521546561,2.0,0.577625,804.0,0.0596327337802593
32,32.0,32.0,32.0,32.0,32.0,32.0,32.0,58.0,95750.0,50.0,0.0193297168638159,0.005,0.001,0.0028054,0.005,0.001,0.0028054,0.002,0.0004,0.006576,0.006576,0.138017,0.0,0.390733,0.041416,0.013887,0.204617,45.5526,110.872,26.5,0.74424,0.1,0.29768,0.04,-56.2134,5.72323915746786,5.72323915746786,0.0,0.0,1.0,20.0,0.0,0.0425169434035314,5.0,1.0,1.0,1.0,0.0,0.0,0.0,0.0,0.0,0.0,0.0,0.0,7.003478473849042,5.0,0.0,16.5,0.1419474178626409,0.6785160029886479,0.2346507782557349,1.0,0.342883,958.0,0.1789362305263595
33,33.0,33.0,33.0,33.0,33.0,33.0,33.0,217.0,11296.0,96.0,0.0327881563445241,0.005,0.001,0.0122122,0.005,0.001,0.0122122,0.002,0.0004,0.006574,0.006574,0.110632,0.0,0.659977,0.034486,0.008537,0.215517,46.5294,39.4621,26.5,0.0784,0.1,0.03136,0.04,-58.6915,9.140033596269806,9.140033596269806,0.0,0.0,1.0,20.0,0.0,0.08530605230040475,5.0,1.0,1.0,1.0,0.0,0.0,0.0,0.0,0.0,0.0,0.0,0.0,8.291550712560165,5.0,0.0,19.0,0.0932214976623693,1.4044663279989216,-0.2274993541023834,1.0,0.058558,113.0,0.0307116945273505
34,34.0,34.0,34.0,34.0,34.0,34.0,34.0,41.0,59832.0,32.0,0.0223531723598378,0.005,0.001,0.0090402,0.005,0.001,0.0090402,0.002,0.0004,0.001078,0.001078,0.115972,0.0,0.795029,0.022349,0.011394,0.178097,37.2944,47.7828,26.5,0.07848,0.1,0.03144,0.04,-58.0117,12.937671415291977,12.937671415291977,0.0,0.0,1.0,20.0,0.0,0.08103579236072064,5.0,1.0,1.0,1.0,0.0,0.0,0.0,0.0,0.0,0.0,0.0,0.0,9.255929506515404,5.0,0.0,19.0,0.0990506002392933,0.8647341023702656,0.3964850190345171,3.0,0.529975,599.0,0.0281435628418026
35,35.0,35.0,35.0,35.0,35.0,35.0,35.0,168.0,22510.0,10.0,0.0357407405336689,0.005,0.001,0.0102778,0.005,0.001,0.0102778,0.002,0.0004,0.000902,0.000902,0.117755,0.0,0.784945,0.047659,0.004951,0.221608,42.3168,77.2786,26.5,0.96528,0.1,0.3861599999999999,0.04,-59.6367,13.432238795909116,13.432238795909116,0.0,0.0,1.0,20.0,0.0,0.027714759593845867,5.0,1.0,1.0,1.0,0.0,0.0,0.0,0.0,0.0,0.0,0.0,0.0,8.200460188099072,5.0,0.0,18.0,0.186832725330805,1.08509837977487,0.3470558812825028,3.0,0.276453,226.0,0.0102339257310967
36,36.0,36.0,36.0,36.0,36.0,36.0,36.0,81.0,1184.0,84.0,0.0216862012034663,0.005,0.001,0.0025558,0.005,0.001,0.0025558,0.002,0.0004,0.001674,0.001674,0.106811,0.0,0.687243,0.038769,0.009482,0.169872,33.2987,49.8976,26.5,0.8067199999999999,0.1,0.32272,0.04,-55.2155,8.57491524183676,8.57491524183676,0.0,0.0,1.0,20.0,0.0,0.08491998090267953,5.0,1.0,1.0,1.0,0.0,0.0,0.0,0.0,0.0,0.0,0.0,0.0,8.305953693502106,5.0,0.0,16.5,0.0982037041004295,1.294415931678317,-0.5877727899375956,1.0,0.103169,12.0,0.1832396903052286
37,37.0,37.0,37.0,37.0,37.0,37.0,37.0,123.0,9658.0,58.0,0.0219490743423995,0.005,0.001,0.019253,0.005,0.001,0.019253,0.002,0.0004,0.001279,0.001279,0.116151,0.0,0.749028,0.020997,0.008858,0.191377,25.8911,44.1843,26.5,0.0659199999999999,0.1,0.0263199999999999,0.04,-59.893,13.796019052608992,13.796019052608992,0.0,0.0,1.0,20.0,0.0,0.02743271498256989,5.0,1.0,1.0,1.0,0.0,0.0,0.0,0.0,0.0,0.0,0.0,0.0,6.874217805340219,5.0,0.0,17.5,0.2198588038141154,1.1507983509986923,0.1245045393917624,3.0,0.236863,97.0,0.0175716251216128
38,38.0,38.0,38.0,38.0,38.0,38.0,38.0,190.0,44100.0,0.0,0.0083964186063321,0.005,0.001,0.0147238,0.005,0.001,0.0147238,0.002,0.0004,0.006973,0.006973,0.129261,0.0,0.566293,0.051587,0.007175,0.221182,34.3363,58.2285,26.5,0.95104,0.1,0.3803999999999999,0.04,-56.8218,9.513788809917084,9.513788809917084,0.0,0.0,1.0,20.0,0.0,0.06281679657098069,5.0,1.0,1.0,1.0,0.0,0.0,0.0,0.0,0.0,0.0,0.0,0.0,7.917956436457504,5.0,0.0,18.0,0.1390749749688081,1.38398715790221,-0.4544725203008993,1.0,0.210109,442.0,0.098451872204086
39,39.0,39.0,39.0,39.0,39.0,39.0,39.0,171.0,20647.0,47.0,0.0281728271737753,0.005,0.001,0.0037206,0.005,0.001,0.0037206,0.002,0.0004,0.001247,0.001247,0.10492,0.0,0.719629,0.027924,0.007195,0.230775,32.3816,56.2013,26.5,0.08528,0.1,0.03408,0.04,-59.8866,10.510642903144396,10.510642903144396,0.0,0.0,1.0,20.0,0.0,0.05784828533916751,5.0,1.0,1.0,1.0,0.0,0.0,0.0,0.0,0.0,0.0,0.0,0.0,8.741028702460982,5.0,0.0,19.0,0.1919142684581168,1.1211841945089875,0.19105343997319,2.0,0.18756,207.0,0.1174900469677548
40,40.0,40.0,40.0,40.0,40.0,40.0,40.0,24.0,131429.0,29.0,0.0363200852334518,0.005,0.001,0.0162682,0.005,0.001,0.0162682,0.002,0.0004,0.002945,0.002945,0.174133,0.0,0.613193,0.042612,0.010218,0.180054,35.4052,49.2907,26.5,0.10848,0.1,0.0433599999999999,0.04,-57.8227,12.092202327883248,12.092202327883248,0.0,0.0,1.0,20.0,0.0,0.036431611904351825,5.0,1.0,1.0,1.0,0.0,0.0,0.0,0.0,0.0,0.0,0.0,0.0,8.513892706706502,5.0,0.0,17.5,0.1927257565859081,0.9292536842707244,0.376335881712932,3.0,1.228409,1315.0,0.0288732647931685
41,41.0,41.0,41.0,41.0,41.0,41.0,41.0,251.0,22848.0,48.0,0.0357690997295766,0.005,0.001,0.0025012,0.005,0.001,0.0025012,0.002,0.0004,0.002667,0.002667,0.095252,0.0,0.213598,0.033867,0.007403,0.214067,34.5174,63.0115,26.5,0.10064,0.1,0.04024,0.04,-56.4925,7.277118281731558,7.277118281731558,0.0,0.0,1.0,20.0,0.0,0.02691660299723584,5.0,1.0,1.0,1.0,0.0,0.0,0.0,0.0,0.0,0.0,0.0,0.0,6.63849921257073,5.0,0.0,20.0,0.251690253962964,1.0956357230866915,0.6935570852055487,3.0,0.334678,229.0,0.0184300069927643
42,42.0,42.0,42.0,42.0,42.0,42.0,42.0,180.0,124678.0,78.0,0.0277182922785043,0.005,0.001,0.0205634,0.005,0.001,0.0205634,0.002,0.0004,0.006022,0.006022,0.107439,0.0,0.7163,0.039062,0.006143,0.181688,40.9857,62.7941,26.5,0.07136,0.1,0.02856,0.04,-56.2396,10.884808906248004,10.884808906248004,0.0,0.0,1.0,20.0,0.0,0.09666978827520749,5.0,1.0,1.0,1.0,0.0,0.0,0.0,0.0,0.0,0.0,0.0,0.0,9.338735047163652,5.0,0.0,15.5,0.1963284117764628,0.7335809276288251,0.7181443123102257,1.0,0.297461,1247.0,0.0234841943090343
43,43.0,43.0,43.0,43.0,43.0,43.0,43.0,204.0,85041.0,41.0,0.0231058880954742,0.005,0.001,0.0060788,0.005,0.001,0.0060788,0.002,0.0004,0.005904,0.005904,0.097202,0.0,0.790571,0.029749,0.009284,0.232551,30.2355,65.4053,26.5,0.07344,0.1,0.0293599999999999,0.04,-57.9266,7.509322504129232,7.509322504129232,0.0,0.0,1.0,20.0,0.0,0.04530081898727342,5.0,1.0,1.0,1.0,0.0,0.0,0.0,0.0,0.0,0.0,0.0,0.0,7.749048072746796,5.0,0.0,19.5,0.12085780811689,1.2904294823175235,-0.1056412275856198,1.0,0.222095,851.0,0.1144499512073995
44,44.0,44.0,44.0,44.0,44.0,44.0,44.0,73.0,39589.0,89.0,0.016347447088429,0.005,0.001,0.0136058,0.005,0.001,0.0136058,0.002,0.0004,0.001312,0.001312,0.119861,0.0,0.640606,0.043145,0.008728,0.179124,39.4158,61.6277,26.5,0.8708,0.1,0.34832,0.04,-56.4306,13.291262071198144,13.291262071198144,0.0,0.0,1.0,20.0,0.0,0.03308501009505771,5.0,1.0,1.0,1.0,0.0,0.0,0.0,0.0,0.0,0.0,0.0,0.0,6.630843973289103,5.0,0.0,16.5,0.0348615106904905,3.1660549597670338,-1.12966557560905,0.0,0.0,396.0,0.069549981209136
45,45.0,45.0,45.0,45.0,45.0,45.0,45.0,206.0,58260.0,60.0,0.0346882745525985,0.005,0.001,0.0091338,0.005,0.001,0.0091338,0.002,0.0004,0.006814,0.006814,0.12362,0.0,0.921642,0.041992,0.007785,0.293393,36.3046,57.8571,26.5,0.09824,0.1,0.03928,0.04,-59.0385,8.20997876165,8.20997876165,0.0,0.0,1.0,20.0,0.0,0.08629470831375605,5.0,1.0,1.0,1.0,0.0,0.0,0.0,0.0,0.0,0.0,0.0,0.0,8.736929176405555,5.0,0.0,19.5,0.2025370985146373,1.177929826263289,0.6463026873665224,3.0,0.398584,583.0,0.1074759191452586
46,46.0,46.0,46.0,46.0,46.0,46.0,46.0,64.0,111143.0,43.0,0.020191673093856,0.005,0.001,0.00884,0.005,0.001,0.00884,0.002,0.0004,0.001885,0.001885,0.135558,0.0,0.925473,0.0365,0.009581,0.188346,40.5837,50.866,26.5,0.77256,0.1,0.30904,0.04,-57.8781,11.706868307722765,11.706868307722765,0.0,0.0,1.0,20.0,0.0,0.02645832677306681,5.0,1.0,1.0,1.0,0.0,0.0,0.0,0.0,0.0,0.0,0.0,0.0,6.512216635435098,5.0,0.0,17.0,0.2933701528645736,1.156987173353478,0.6452197602342306,3.0,1.17067,1112.0,0.0995130480478412
47,47.0,47.0,47.0,47.0,47.0,47.0,47.0,159.0,32184.0,84.0,0.0230607599586405,0.005,0.001,0.0222638,0.005,0.001,0.0222638,0.002,0.0004,0.001556,0.001556,0.171875,0.0,0.723179,0.052309,0.007175,0.148156,62.1396,47.1836,26.5,1.2684799999999998,0.1,0.50736,0.04,-57.753,13.735354406182182,13.735354406182182,0.0,0.0,1.0,20.0,0.0,0.05210817138431192,5.0,1.0,1.0,1.0,0.0,0.0,0.0,0.0,0.0,0.0,0.0,0.0,7.259640925897322,5.0,0.0,20.5,0.1199717598802492,1.216302418346684,0.2043567582201028,1.0,0.167934,322.0,0.0645137563559439
48,48.0,48.0,48.0,48.0,48.0,48.0,48.0,55.0,11886.0,86.0,0.0273241434245991,0.005,0.001,0.0071448,0.005,0.001,0.0071448,0.002,0.0004,0.001002,0.001002,0.121002,0.0,0.861303,0.02983,0.007993,0.205287,27.8888,56.1018,26.5,0.07592,0.1,0.0304,0.04,-56.9198,12.633088474269822,12.633088474269822,0.0,0.0,1.0,20.0,0.0,0.041128439737622535,5.0,1.0,1.0,1.0,0.0,0.0,0.0,0.0,0.0,0.0,0.0,0.0,7.089356951797674,5.0,0.0,24.5,0.1629387526526152,2.7846080381833844,-0.1124381561657548,3.0,0.331069,119.0,0.3723234168271805
49,49.0,49.0,49.0,49.0,49.0,49.0,49.0,35.0,130003.0,3.0,0.0428643633992602,0.005,0.001,0.0051064,0.005,0.001,0.0051064,0.002,0.0004,0.002108,0.002108,0.185947,0.0,0.871615,0.072568,0.006097,0.144292,50.1,51.7833,26.5,0.1447999999999999,0.1,0.05792,0.04,-56.2301,9.913905508649467,9.913905508649467,0.0,0.0,1.0,20.0,0.0,0.03297667321333388,5.0,1.0,1.0,1.0,0.0,0.0,0.0,0.0,0.0,0.0,0.0,0.0,7.871128421430975,5.0,0.0,23.0,0.0840764170713814,1.0000627811570215,-0.2432342527365462,1.0,0.336105,1301.0,1.0859205236456748
50,50.0,50.0,50.0,50.0,50.0,50.0,50.0,111.0,61528.0,28.0,0.0355037578049634,0.005,0.001,0.0029822,0.005,0.001,0.0029822,0.002,0.0004,0.001863,0.001863,0.145005,0.0,0.635799,0.020523,0.010041,0.22912,38.5898,42.7146,26.5,0.42232,0.1,0.16888,0.04,-59.3354,8.709916442733071,8.709916442733071,0.0,0.0,1.0,20.0,0.0,0.02578825171782364,5.0,1.0,1.0,1.0,0.0,0.0,0.0,0.0,0.0,0.0,0.0,0.0,8.328360427399495,5.0,0.0,21.0,0.3058831061882089,0.8867815666990747,0.673371669790429,3.0,0.656038,616.0,0.020218993987553
51,51.0,51.0,51.0,51.0,51.0,51.0,51.0,94.0,54745.0,45.0,0.0097034135086539,0.005,0.001,0.0163254,0.005,0.001,0.0163254,0.002,0.0004,0.001747,0.001747,0.109628,0.0,0.688839,0.046144,0.007535,0.267334,26.1469,49.9286,26.5,0.5136799999999999,0.1,0.20544,0.04,-57.5881,13.124201476749302,13.124201476749302,0.0,0.0,1.0,20.0,0.0,0.10287842888442958,5.0,1.0,1.0,1.0,0.0,0.0,0.0,0.0,0.0,0.0,0.0,0.0,7.97070869569117,5.0,0.0,20.5,0.1727520956676436,1.2322270814246383,0.3612935028005978,2.0,0.337206,548.0,0.0374540195345945
52,52.0,52.0,52.0,52.0,52.0,52.0,52.0,34.0,66402.0,2.0,0.0414211801793614,0.005,0.001,0.0124488,0.005,0.001,0.0124488,0.002,0.0004,0.005075,0.005075,0.199406,0.0,0.697961,0.043449,0.004988,0.116859,47.9974,33.1802,26.5,0.0519199999999999,0.1,0.02072,0.04,-58.9593,9.950274101018875,9.950274101018875,0.0,0.0,1.0,20.0,0.0,0.09080843340247945,5.0,1.0,1.0,1.0,0.0,0.0,0.0,0.0,0.0,0.0,0.0,0.0,7.702169303118089,5.0,0.0,24.0,0.1685231045542306,1.4327673761885136,0.2504689209474665,1.0,0.220953,665.0,0.3990539296554431
53,53.0,53.0,53.0,53.0,53.0,53.0,53.0,228.0,19026.0,26.0,0.0385873042662292,0.005,0.001,0.005434,0.005,0.001,0.005434,0.002,0.0004,0.007687,0.007687,0.093381,0.0,0.925858,0.031392,0.009267,0.211671,43.6374,58.8045,26.5,0.0664,0.1,0.02656,0.04,-54.7709,6.633553042905001,6.633553042905001,0.0,0.0,1.0,20.0,0.0,0.03850417020534641,5.0,1.0,1.0,1.0,0.0,0.0,0.0,0.0,0.0,0.0,0.0,0.0,7.420112292138825,5.0,0.0,23.0,0.0728489273615316,1.43846253282372,0.0251408042820914,2.0,0.195196,191.0,0.1206325382833021
54,54.0,54.0,54.0,54.0,54.0,54.0,54.0,162.0,88869.0,69.0,0.0235025449346386,0.005,0.001,0.0135018,0.005,0.001,0.0135018,0.002,0.0004,0.002016,0.002016,0.143927,0.0,0.69664,0.052407,0.011052,0.198369,49.9364,31.6461,26.5,0.13912,0.1,0.0556,0.04,-56.9479,12.50722612873492,12.50722612873492,0.0,0.0,1.0,20.0,0.0,0.08206099042690349,5.0,1.0,1.0,1.0,0.0,0.0,0.0,0.0,0.0,0.0,0.0,0.0,9.19932112599476,5.0,0.0,20.5,0.2290948841361173,1.29957384052861,0.300985533977597,1.0,0.225382,889.0,0.1593850824098989
55,55.0,55.0,55.0,55.0,55.0,55.0,55.0,226.0,12688.0,88.0,0.0189393324369894,0.005,0.001,0.0093392,0.005,0.001,0.0093392,0.002,0.0004,0.005783,0.005783,0.118767,0.0,0.74727,0.036093,0.009167,0.203949,33.9212,32.176,26.5,0.07776,0.1,0.03112,0.04,-56.8906,8.735203377644368,8.735203377644368,0.0,0.0,1.0,20.0,0.0,0.03598539953117204,5.0,1.0,1.0,1.0,0.0,0.0,0.0,0.0,0.0,0.0,0.0,0.0,6.6942270080237405,5.0,0.0,21.0,0.1156120702609139,2.05584541594504,-0.3367058527926537,1.0,0.09284,127.0,0.1747465316701866
56,56.0,56.0,56.0,56.0,56.0,56.0,56.0,179.0,8905.0,5.0,0.0357163731010156,0.005,0.001,0.0028678,0.005,0.001,0.0028678,0.002,0.0004,0.004475,0.004475,0.15915,0.0,0.754488,0.042257,0.010832,0.207565,36.1099,31.8954,26.5,0.74712,0.1,0.29888,0.04,-58.1384,6.43247227531227,6.43247227531227,0.0,0.0,1.0,20.0,0.0,0.06669221785473972,5.0,1.0,1.0,1.0,0.0,0.0,0.0,0.0,0.0,0.0,0.0,0.0,8.086424013809433,5.0,0.0,22.0,0.093267744787261,1.5697864394359275,-0.2815076898925405,3.0,0.246614,90.0,0.014005852540777
57,57.0,57.0,57.0,57.0,57.0,57.0,57.0,42.0,59725.0,25.0,0.0171654190233192,0.005,0.001,0.0225758,0.005,0.001,0.0225758,0.002,0.0004,0.003642,0.003642,0.134088,0.0,0.492508,0.040485,0.007895,0.16807,59.1693,39.5836,26.5,1.028,0.1,0.4111999999999999,0.04,-58.2088,12.3456198930166,12.3456198930166,0.0,0.0,1.0,20.0,0.0,0.096442768639794,5.0,1.0,1.0,1.0,0.0,0.0,0.0,0.0,0.0,0.0,0.0,0.0,7.928218424832968,5.0,0.0,23.5,0.131857188205383,1.0738652342472674,0.2709895492827482,2.0,0.506871,598.0,0.079956399481668
58,58.0,58.0,58.0,58.0,58.0,58.0,58.0,240.0,65085.0,85.0,0.0252413951240869,0.005,0.001,0.0030108,0.005,0.001,0.0030108,0.002,0.0004,0.003436,0.003436,0.139965,0.0,0.469438,0.039782,0.007304,0.158764,37.1456,53.5085,26.5,0.106,0.1,0.0424,0.04,-56.4363,7.114082373933064,7.114082373933064,0.0,0.0,1.0,20.0,0.0,0.03369084545886454,5.0,1.0,1.0,1.0,0.0,0.0,0.0,0.0,0.0,0.0,0.0,0.0,7.513083075340991,5.0,0.0,21.5,0.2722272051275883,1.047704028535145,0.8072356206235789,1.0,0.146926,651.0,0.0873895049172111
59,59.0,59.0,59.0,59.0,59.0,59.0,59.0,177.0,119700.0,0.0,0.0269142385099072,0.005,0.001,0.0123578,0.005,0.001,0.0123578,0.002,0.0004,0.004302,0.004302,0.145187,0.0,0.737116,0.039815,0.010007,0.22361,36.4755,60.8161,26.5,0.90496,0.1,0.362,0.04,-58.2973,10.403455694705912,10.403455694705912,0.0,0.0,1.0,20.0,0.0,0.0761763059149981,5.0,1.0,1.0,1.0,0.0,0.0,0.0,0.0,0.0,0.0,0.0,0.0,8.539876308673335,5.0,0.0,22.0,0.2942137465696605,1.276581441387966,1.0089290075115644,3.0,1.329068,1198.0,0.0253942215797151
60,60.0,60.0,60.0,60.0,60.0,60.0,60.0,68.0,25071.0,71.0,0.0450894613391219,0.005,0.001,0.014365,0.005,0.001,0.014365,0.002,0.0004,0.004808,0.004808,0.121234,0.0,0.292935,0.042984,0.00681,0.248675,36.0381,50.1936,26.5,0.06088,0.1,0.02432,0.04,-59.0632,10.51449669705688,10.51449669705688,0.0,0.0,1.0,20.0,0.0,0.06934478169410145,5.0,1.0,1.0,1.0,0.0,0.0,0.0,0.0,0.0,0.0,0.0,0.0,8.600189116262982,5.0,0.0,21.0,0.0843589825832732,1.4448266811142387,-0.1594567224895845,1.0,0.051963,251.0,0.2560936013768364
61,61.0,61.0,61.0,61.0,61.0,61.0,61.0,84.0,127005.0,5.0,0.0305728507875289,0.005,0.001,0.0025662,0.005,0.001,0.0025662,0.002,0.0004,0.002959,0.002959,0.133348,0.0,0.186576,0.032667,0.01237,0.230148,44.0754,77.2903,26.5,0.0293599999999999,0.1,0.01176,0.04,-57.9234,7.089753187106309,7.089753187106309,0.0,0.0,1.0,20.0,0.0,0.06440915011430293,5.0,1.0,1.0,1.0,0.0,0.0,0.0,0.0,0.0,0.0,0.0,0.0,8.711024484936658,5.0,0.0,22.0,0.132859906548268,1.0503925806471106,-0.0416977022472413,3.0,1.0374560000000002,1271.0,0.249125745212017
62,62.0,62.0,62.0,62.0,62.0,62.0,62.0,128.0,124878.0,78.0,0.035006160063131,0.005,0.001,0.0060138,0.005,0.001,0.0060138,0.002,0.0004,0.001461,0.001461,0.169488,0.0,0.594495,0.032391,0.009727,0.153913,46.4557,69.6188,26.5,0.11008,0.1,0.044,0.04,-58.7443,11.380064501519884,11.380064501519884,0.0,0.0,1.0,20.0,0.0,0.06512815487209184,5.0,1.0,1.0,1.0,0.0,0.0,0.0,0.0,0.0,0.0,0.0,0.0,7.753739819720533,5.0,0.0,23.0,0.3094382419944905,1.555894842891368,0.6155555149094158,2.0,0.7863410000000001,1249.0,0.1363390656939436
63,63.0,63.0,63.0,63.0,63.0,63.0,63.0,69.0,126973.0,73.0,0.0266511953000509,0.005,0.001,0.0083512,0.005,0.001,0.0083512,0.002,0.0004,0.00269,0.00269,0.159545,0.0,0.657084,0.008528,0.007967,0.064433,36.1952,23.9494,26.5,0.89464,0.1,0.35784,0.04,-57.9319,10.62199175152146,10.62199175152146,0.0,0.0,1.0,20.0,0.0,0.050513290954365575,5.0,1.0,1.0,1.0,0.0,0.0,0.0,0.0,0.0,0.0,0.0,0.0,8.489301227518578,5.0,0.0,22.0,0.1832637278818579,1.1941834144076922,0.1240305483492059,1.0,0.462305,1270.0,0.0297515993317533
64,64.0,64.0,64.0,64.0,64.0,64.0,64.0,8.0,55864.0,64.0,0.0438599624016095,0.005,0.001,0.0098202,0.005,0.001,0.0098202,0.002,0.0004,0.004607,0.004607,0.137742,0.0,0.832509,0.046036,0.010998,0.233996,50.7487,26.948,26.5,0.054,0.1,0.0216,0.04,-57.7783,9.541370883625888,9.541370883625888,0.0,0.0,1.0,20.0,0.0,0.037520127424169,5.0,1.0,1.0,1.0,0.0,0.0,0.0,0.0,0.0,0.0,0.0,0.0,7.146601304300474,5.0,0.0,20.5,0.0922934771277733,1.5487585343183266,-0.3803883647754881,1.0,0.051684,559.0,0.0967982720735833
65,65.0,65.0,65.0,65.0,65.0,65.0,65.0,17.0,76823.0,23.0,0.0598939399889696,0.005,0.001,0.0069888,0.005,0.001,0.0069888,0.002,0.0004,0.006583,0.006583,0.126078,0.0,0.5365,0.03487,0.009586,0.217772,26.194,39.7631,26.5,0.07104,0.1,0.0284,0.04,-55.4957,7.587475722271911,7.587475722271911,0.0,0.0,1.0,20.0,0.0,0.03401421401451117,5.0,1.0,1.0,1.0,0.0,0.0,0.0,0.0,0.0,0.0,0.0,0.0,7.458780574473974,5.0,0.0,27.0,0.166341959871714,2.418301553479031,0.0517373814193381,2.0,0.557281,769.0,0.6829393621507238
66,66.0,66.0,66.0,66.0,66.0,66.0,66.0,182.0,51466.0,66.0,0.0039688247329801,0.005,0.001,0.012857,0.005,0.001,0.012857,0.002,0.0004,0.000484,0.000484,0.165029,0.0,0.863668,0.049011,0.008798,0.202113,48.9688,52.1565,26.5,0.0804,0.1,0.03216,0.04,-57.2845,14.328396352976108,14.328396352976108,0.0,0.0,1.0,20.0,0.0,0.028458079345601617,5.0,1.0,1.0,1.0,0.0,0.0,0.0,0.0,0.0,0.0,0.0,0.0,7.006356600529343,5.0,0.0,30.0,0.0786710821495792,2.1707974960901777,-0.1681167742506623,3.0,0.454384,515.0,0.3487925683416887
67,67.0,67.0,67.0,67.0,67.0,67.0,67.0,148.0,13576.0,76.0,0.0447363040247174,0.005,0.001,0.0058474,0.005,0.001,0.0058474,0.002,0.0004,0.000865,0.000865,0.124307,0.0,0.515469,0.036178,0.0089,0.23355,33.9776,25.521,26.5,0.69288,0.1,0.27712,0.04,-55.2716,12.526219306444384,12.526219306444384,0.0,0.0,1.0,20.0,0.0,0.04796710166792294,5.0,1.0,1.0,1.0,0.0,0.0,0.0,0.0,0.0,0.0,0.0,0.0,7.191328556663024,5.0,0.0,26.5,0.1225007221305094,2.6357901752432635,-0.2591683894158264,1.0,0.077251,136.0,0.3879894685804288
68,68.0,68.0,68.0,68.0,68.0,68.0,68.0,109.0,10311.0,11.0,0.0278269406702259,0.005,0.001,0.0024336,0.005,0.001,0.0024336,0.002,0.0004,0.007674,0.007674,0.119614,0.0,0.828475,0.032487,0.006625,0.214025,40.3795,47.6198,26.5,0.84728,0.1,0.33888,0.04,-59.2775,5.325399983735043,5.325399983735043,0.0,0.0,1.0,20.0,0.0,0.0694400814080284,5.0,1.0,1.0,1.0,0.0,0.0,0.0,0.0,0.0,0.0,0.0,0.0,8.507866054134412,5.0,0.0,26.5,0.0997858523544003,2.328027200351505,-0.3898264029816032,2.0,0.155561,104.0,0.0380181168833344
69,69.0,69.0,69.0,69.0,69.0,69.0,69.0,157.0,61711.0,11.0,0.0291967622714001,0.005,0.001,0.0075608,0.005,0.001,0.0075608,0.002,0.0004,0.00974,0.00974,0.074846,0.0,0.45652,0.039964,0.000834,0.256725,46.8629,32.5446,26.5,1.07112,0.1,0.4284799999999999,0.04,-57.2308,6.836266992228828,6.836266992228828,0.0,0.0,1.0,20.0,0.0,0.026084162734157666,5.0,1.0,1.0,1.0,0.0,0.0,0.0,0.0,0.0,0.0,0.0,0.0,6.731573844289299,5.0,0.0,26.5,0.246789039136645,1.428812675165071,0.8387447792708133,2.0,0.550327,618.0,0.1151274858093365
70,70.0,70.0,70.0,70.0,70.0,70.0,70.0,211.0,61711.0,11.0,0.0304438709852763,0.005,0.001,0.0023712,0.005,0.001,0.0023712,0.002,0.0004,0.005606,0.005606,0.074846,0.0,0.45652,0.039964,0.000834,0.256725,46.8629,32.5446,26.5,1.07112,0.1,0.4284799999999999,0.04,-57.2308,5.710416705032755,5.710416705032755,0.0,0.0,1.0,20.0,0.0,0.07918925797353071,5.0,1.0,1.0,1.0,0.0,0.0,0.0,0.0,0.0,0.0,0.0,0.0,8.422781104828186,5.0,0.0,26.5,0.246789039136645,1.428812675165071,0.8387447792708133,2.0,0.550327,618.0,0.0844701495898532
71,71.0,71.0,71.0,71.0,71.0,71.0,71.0,10.0,54488.0,88.0,0.0227279728802336,0.005,0.001,0.0075296,0.005,0.001,0.0075296,0.002,0.0004,0.003056,0.003056,0.102882,0.0,0.743812,0.031797,0.007895,0.229657,53.4148,53.5411,26.5,0.09152,0.1,0.03664,0.04,-56.444,9.963130440563486,9.963130440563486,0.0,0.0,1.0,20.0,0.0,0.08342224507452414,5.0,1.0,1.0,1.0,0.0,0.0,0.0,0.0,0.0,0.0,0.0,0.0,9.10902421052256,5.0,0.0,27.0,0.1835760483631612,2.6337356897109894,0.5147396170779089,3.0,0.441096,545.0,0.0852800935050192
72,72.0,72.0,72.0,72.0,72.0,72.0,72.0,22.0,80283.0,83.0,0.0269965955669528,0.005,0.001,0.0070486,0.005,0.001,0.0070486,0.002,0.0004,0.004581,0.004581,0.144083,0.0,0.662309,0.036186,0.005064,0.17455,37.8154,40.3374,26.5,0.08248,0.1,0.03304,0.04,-58.2338,8.596985584066282,8.596985584066282,0.0,0.0,1.0,20.0,0.0,0.04928779645587729,5.0,1.0,1.0,1.0,0.0,0.0,0.0,0.0,0.0,0.0,0.0,0.0,7.243390492835188,5.0,0.0,28.0,0.0727760269338087,2.9466447277979606,-0.2694938245544296,1.0,0.227216,803.0,0.1386204652642644
73,73.0,73.0,73.0,73.0,73.0,73.0,73.0,138.0,96115.0,15.0,0.0108907714410483,0.005,0.001,0.004823,0.005,0.001,0.004823,0.002,0.0004,0.001575,0.001575,0.120866,0.0,0.518935,0.036423,0.006025,0.21723,37.2291,45.6106,26.5,1.05368,0.1,0.42144,0.04,-56.7504,10.583627263063898,10.583627263063898,0.0,0.0,1.0,20.0,0.0,0.10246495789780911,5.0,1.0,1.0,1.0,0.0,0.0,0.0,0.0,0.0,0.0,0.0,0.0,9.092717499896835,5.0,0.0,31.5,0.2931477509335349,1.7655691548594232,1.0163686986550062,2.0,0.655368,962.0,0.4213341007946707
74,74.0,74.0,74.0,74.0,74.0,74.0,74.0,249.0,8791.0,91.0,0.0230450086754244,0.005,0.001,0.0177216,0.005,0.001,0.0177216,0.002,0.0004,0.004309,0.004309,0.116278,0.0,0.818118,0.034941,0.005877,0.214867,46.6266,56.8974,26.5,0.7832,0.1,0.31328,0.04,-58.1447,11.377861761664482,11.377861761664482,0.0,0.0,1.0,20.0,0.0,0.03690609912700215,5.0,1.0,1.0,1.0,0.0,0.0,0.0,0.0,0.0,0.0,0.0,0.0,7.469323749884383,5.0,0.0,31.0,0.0952678970825941,2.2702566009648293,-0.3599925656607902,1.0,0.082555,88.0,0.5355910607726166
75,75.0,75.0,75.0,75.0,75.0,75.0,75.0,47.0,17076.0,76.0,0.0418914442222867,0.005,0.001,0.0155376,0.005,0.001,0.0155376,0.002,0.0004,0.001558,0.001558,0.11113,0.0,0.759878,0.02339,0.009194,0.199295,49.0899,55.7066,26.5,0.09256,0.1,0.03704,0.04,-54.2456,13.229952653168422,13.229952653168422,0.0,0.0,1.0,20.0,0.0,0.06079780383522528,5.0,1.0,1.0,1.0,0.0,0.0,0.0,0.0,0.0,0.0,0.0,0.0,8.912965732009066,5.0,0.0,30.5,0.107238376002209,1.4407157901536876,0.0215694124514613,2.0,0.20305,171.0,0.0078918643938788
76,76.0,76.0,76.0,76.0,76.0,76.0,76.0,169.0,60348.0,48.0,0.0431153770232616,0.005,0.001,0.0174902,0.005,0.001,0.0174902,0.002,0.0004,0.004226,0.004226,0.084931,0.0,0.753648,0.014166,0.001688,0.22017,47.2069,51.6709,26.5,1.13744,0.1,0.45496,0.04,-57.6811,11.394049007693308,11.394049007693308,0.0,0.0,1.0,20.0,0.0,0.08404050086694158,5.0,1.0,1.0,1.0,0.0,0.0,0.0,0.0,0.0,0.0,0.0,0.0,8.596415709186973,5.0,0.0,32.5,0.2735698951612403,1.748353529156737,0.6650191494630019,2.0,0.515208,604.0,0.168987641957839
77,77.0,77.0,77.0,77.0,77.0,77.0,77.0,132.0,119289.0,89.0,0.0365881134371554,0.005,0.001,0.0127764,0.005,0.001,0.0127764,0.002,0.0004,0.012083,0.012083,0.136636,0.0,0.502742,0.049588,0.006761,0.275949,26.7491,63.6767,26.5,0.12032,0.1,0.04816,0.04,-55.8405,7.577174397826405,7.577174397826405,0.0,0.0,1.0,20.0,0.0,0.029429215791028973,5.0,1.0,1.0,1.0,0.0,0.0,0.0,0.0,0.0,0.0,0.0,0.0,7.26193898612851,5.0,0.0,32.5,0.2045055192106342,2.689369749618939,0.5370644930032489,2.0,0.555882,1193.0,0.2528287999129441
78,78.0,78.0,78.0,78.0,78.0,78.0,78.0,158.0,9189.0,89.0,0.0433663693858601,0.005,0.001,0.0127998,0.005,0.001,0.0127998,0.002,0.0004,0.000387,0.000387,0.120139,0.0,1.16433,0.024393,0.007597,0.213285,27.5197,63.0301,26.5,0.64664,0.1,0.25864,0.04,-58.9148,14.473841640139174,14.473841640139174,0.0,0.0,1.0,20.0,0.0,0.10394720575168463,5.0,1.0,1.0,1.0,0.0,0.0,0.0,0.0,0.0,0.0,0.0,0.0,9.679231000398138,5.0,0.0,31.5,0.0651286277666253,2.2394668665972626,-0.3359121239067497,1.0,0.093176,92.0,0.7848984599183965
79,79.0,79.0,79.0,79.0,79.0,79.0,79.0,133.0,16929.0,29.0,0.0273035311289024,0.005,0.001,0.009022,0.005,0.001,0.009022,0.002,0.0004,0.004276,0.004276,0.150022,0.0,0.826401,0.048194,0.005129,0.206697,42.8819,25.4254,26.5,0.96568,0.1,0.3862399999999999,0.04,-58.1414,9.51153526689128,9.51153526689128,0.0,0.0,1.0,20.0,0.0,0.032540245273422835,5.0,1.0,1.0,1.0,0.0,0.0,0.0,0.0,0.0,0.0,0.0,0.0,7.080206886188293,5.0,0.0,32.0,0.1451101826034929,2.027685076413781,0.1666253883008864,1.0,0.09208,170.0,0.6370641599813553
80,80.0,80.0,80.0,80.0,80.0,80.0,80.0,207.0,128975.0,75.0,0.0053492384701752,0.005,0.001,0.0052988,0.005,0.001,0.0052988,0.002,0.0004,0.00747,0.00747,0.188191,0.0,0.336454,0.027608,0.012766,0.275473,26.7407,65.8028,26.5,1.11952,0.1,0.4478399999999999,0.04,-58.8547,6.640817779712111,6.640817779712111,0.0,0.0,1.0,20.0,0.0,0.08584756408353376,5.0,1.0,1.0,1.0,0.0,0.0,0.0,0.0,0.0,0.0,0.0,0.0,8.952140660631773,5.0,0.0,33.5,0.1807972487384197,2.1794781308473308,0.1675019447442703,2.0,0.750017,1290.0,0.0340569063502249
81,81.0,81.0,81.0,81.0,81.0,81.0,81.0,205.0,121032.0,32.0,0.0363840175298401,0.005,0.001,0.0030732,0.005,0.001,0.0030732,0.002,0.0004,0.007741,0.007741,0.120098,0.0,1.22646,0.020249,0.008393,0.208448,45.699,57.0971,26.5,0.0409599999999999,0.1,0.0163999999999999,0.04,-58.6167,5.618058775930327,5.618058775930327,0.0,0.0,1.0,20.0,0.0,0.05603556673848028,5.0,1.0,1.0,1.0,0.0,0.0,0.0,0.0,0.0,0.0,0.0,0.0,7.077414808687855,5.0,0.0,30.5,0.2213258826437467,2.609907186267648,0.2769782658408919,3.0,1.128434,1211.0,0.2325026466536214
82,82.0,82.0,82.0,82.0,82.0,82.0,82.0,31.0,28330.0,30.0,0.0252774232360127,0.005,0.001,0.0079222,0.005,0.001,0.0079222,0.002,0.0004,0.003713,0.003713,0.132607,0.0,0.48462,0.031715,0.003074,0.170631,39.488,68.2982,26.5,0.61136,0.1,0.24456,0.04,-59.253,9.54418636183519,9.54418636183519,0.0,0.0,1.0,20.0,0.0,0.10756229139359334,5.0,1.0,1.0,1.0,0.0,0.0,0.0,0.0,0.0,0.0,0.0,0.0,8.744672589948776,5.0,0.0,33.0,0.0616010553511904,1.7216693344710612,0.0311283107398128,3.0,0.371271,284.0,0.3241318187960151
83,83.0,83.0,83.0,83.0,83.0,83.0,83.0,149.0,133206.0,6.0,0.0184587167689302,0.005,0.001,0.0067288,0.005,0.001,0.0067288,0.002,0.0004,0.00487,0.00487,0.17119,0.0,0.704211,0.056426,0.008271,0.288516,35.3123,75.6581,26.5,0.05024,0.1,0.0200799999999999,0.04,-56.7642,8.294001840391234,8.294001840391234,0.0,0.0,1.0,20.0,0.0,0.04248662459205972,5.0,1.0,1.0,1.0,0.0,0.0,0.0,0.0,0.0,0.0,0.0,0.0,7.003053615808502,5.0,0.0,40.0,0.2374688525035017,2.52987380277632,0.693476550010381,2.0,0.934455,1333.0,1.005138645527311
84,84.0,84.0,84.0,84.0,84.0,84.0,84.0,21.0,25443.0,43.0,0.0238344938263876,0.005,0.001,0.0024284,0.005,0.001,0.0024284,0.002,0.0004,0.002781,0.002781,0.225372,0.0,0.442529,0.02834,0.00633,0.091962,48.5021,66.1755,26.5,0.03208,0.1,0.0128,0.04,-55.4764,7.105877178569903,7.105877178569903,0.0,0.0,1.0,20.0,0.0,0.07794059539538015,5.0,1.0,1.0,1.0,0.0,0.0,0.0,0.0,0.0,0.0,0.0,0.0,8.809323539016374,5.0,0.0,38.5,0.083824713697274,1.83541645798687,0.2693474609161878,1.0,0.094269,255.0,0.1099918947720538
85,85.0,85.0,85.0,85.0,85.0,85.0,85.0,0.0,19732.0,32.0,0.0338806143310625,0.005,0.001,0.0032162,0.005,0.001,0.0032162,0.002,0.0004,0.002183,0.002183,0.158449,0.0,0.723412,0.026271,0.007702,0.233534,49.2477,71.356,26.5,0.7718400000000001,0.1,0.30872,0.04,-58.0718,8.473960345331122,8.473960345331122,0.0,0.0,1.0,20.0,0.0,0.09690444955169031,5.0,1.0,1.0,1.0,0.0,0.0,0.0,0.0,0.0,0.0,0.0,0.0,8.737916842306978,5.0,0.0,39.5,0.0766715227168098,3.644332199135401,-0.2227973154527783,1.0,0.08431,198.0,0.5343612712707303
86,86.0,86.0,86.0,86.0,86.0,86.0,86.0,200.0,26767.0,67.0,0.0281402987637141,0.005,0.001,0.0060762,0.005,0.001,0.0060762,0.002,0.0004,0.002127,0.002127,0.104015,0.0,0.847852,0.040629,0.002895,0.261319,42.7496,32.2132,26.5,1.20656,0.1,0.48264,0.04,-58.3625,10.387737946330445,10.387737946330445,0.0,0.0,1.0,20.0,0.0,0.1002827674523131,5.0,1.0,1.0,1.0,0.0,0.0,0.0,0.0,0.0,0.0,0.0,0.0,8.862804431103944,5.0,0.0,37.5,0.1155528889920875,2.1265037623855583,0.0232224620965044,1.0,0.089641,268.0,0.0998714184761933
87,87.0,87.0,87.0,87.0,87.0,87.0,87.0,38.0,56721.0,21.0,0.0355669913136034,0.005,0.001,0.0101062,0.005,0.001,0.0101062,0.002,0.0004,0.001201,0.001201,0.121587,0.0,1.11313,0.034328,0.004248,0.261319,41.9075,43.1078,26.5,0.6335200000000001,0.1,0.25344,0.04,-57.0352,12.943769499479076,12.943769499479076,0.0,0.0,1.0,20.0,0.0,0.09584035606988683,5.0,1.0,1.0,1.0,0.0,0.0,0.0,0.0,0.0,0.0,0.0,0.0,8.808749180658642,5.0,0.0,43.0,0.2467094223085079,3.942128612041759,0.3233810937975055,1.0,0.192496,568.0,0.6944170819787014
88,88.0,88.0,88.0,88.0,88.0,88.0,88.0,213.0,95852.0,52.0,0.0512913985656247,0.005,0.001,0.0036036,0.005,0.001,0.0036036,0.002,0.0004,0.006802,0.006802,0.14785,0.0,1.42988,0.011452,0.003936,0.176148,60.2873,48.6699,26.5,0.03336,0.1,0.01336,0.04,-57.8802,6.075986103487678,6.075986103487678,0.0,0.0,1.0,20.0,0.0,0.027472507981318527,5.0,1.0,1.0,1.0,0.0,0.0,0.0,0.0,0.0,0.0,0.0,0.0,7.699747276612299,5.0,0.0,40.5,0.2238928835907213,3.292203562395338,0.6560812727279477,2.0,0.491775,959.0,0.8738708289591678
89,89.0,89.0,89.0,89.0,89.0,89.0,89.0,32.0,118040.0,40.0,0.023626057665035,0.005,0.001,0.0103792,0.005,0.001,0.0103792,0.002,0.0004,0.002592,0.002592,0.12408,0.0,0.385039,0.01836,0.002122,0.261265,54.5383,61.9532,26.5,0.07624,0.1,0.03048,0.04,-58.0207,11.308908703513952,11.308908703513952,0.0,0.0,1.0,20.0,0.0,0.08879946280417766,5.0,1.0,1.0,1.0,0.0,0.0,0.0,0.0,0.0,0.0,0.0,0.0,9.175279461485536,5.0,0.0,41.5,0.1824617230482969,3.010667342300574,0.3768542096945579,1.0,0.456195,1181.0,1.2794491236200032
90,90.0,90.0,90.0,90.0,90.0,90.0,90.0,101.0,93340.0,40.0,0.0234233657749932,0.005,0.001,0.0135278,0.005,0.001,0.0135278,0.002,0.0004,0.004993,0.004993,0.132056,0.0,1.10826,0.050502,0.006803,0.249866,43.1129,56.1937,26.5,0.6335200000000001,0.1,0.25336,0.04,-54.3405,10.236756142179477,10.236756142179477,0.0,0.0,1.0,20.0,0.0,0.06575660316844642,5.0,1.0,1.0,1.0,0.0,0.0,0.0,0.0,0.0,0.0,0.0,0.0,7.734349301673627,5.0,0.0,42.0,0.1244186243464976,2.289007232621262,0.0939736054834549,1.0,0.259688,934.0,0.7623487992561278
91,91.0,91.0,91.0,91.0,91.0,91.0,91.0,175.0,118040.0,40.0,0.044333388994528,0.005,0.001,0.0033046,0.005,0.001,0.0033046,0.002,0.0004,0.000878,0.000878,0.12408,0.0,0.385039,0.01836,0.002122,0.261265,54.5383,61.9532,26.5,0.07624,0.1,0.03048,0.04,-58.0207,11.14648184281684,11.14648184281684,0.0,0.0,1.0,20.0,0.0,0.08836978732420674,5.0,1.0,1.0,1.0,0.0,0.0,0.0,0.0,0.0,0.0,0.0,0.0,7.905136274124074,5.0,0.0,41.5,0.1824617230482969,3.010667342300574,0.3768542096945579,1.0,0.456195,1181.0,0.8904517805949197
92,92.0,92.0,92.0,92.0,92.0,92.0,92.0,51.0,84443.0,43.0,0.057591568700382,0.005,0.001,0.0091858,0.005,0.001,0.0091858,0.002,0.0004,0.004195,0.004195,0.146287,0.0,0.948789,0.036398,0.005208,0.241011,34.7926,57.9092,26.5,0.07968,0.1,0.03184,0.04,-57.7058,9.619904460476423,9.619904460476423,0.0,0.0,1.0,20.0,0.0,0.06988522093227968,5.0,1.0,1.0,1.0,0.0,0.0,0.0,0.0,0.0,0.0,0.0,0.0,7.972407782658111,5.0,0.0,41.0,0.1565516012927089,3.249761223070533,-0.1124867599532217,1.0,0.322937,845.0,0.2393839104525806
93,93.0,93.0,93.0,93.0,93.0,93.0,93.0,232.0,53001.0,1.0,0.0311371685930353,0.005,0.001,0.0060606,0.005,0.001,0.0060606,0.002,0.0004,0.008863,0.008863,0.184969,0.0,0.841696,0.035067,0.002342,0.202685,53.4131,73.3929,26.5,0.0297599999999999,0.1,0.01192,0.04,-55.3116,6.564144909508795,6.564144909508795,0.0,0.0,1.0,20.0,0.0,0.04999347365435487,5.0,1.0,1.0,1.0,0.0,0.0,0.0,0.0,0.0,0.0,0.0,0.0,7.39245344508718,5.0,0.0,45.5,0.1150086247817101,3.779844018254624,0.0769729108986926,1.0,0.111707,531.0,1.6499267018700488
94,94.0,94.0,94.0,94.0,94.0,94.0,94.0,5.0,100291.0,91.0,0.0137494665421815,0.005,0.001,0.0101478,0.005,0.001,0.0101478,0.002,0.0004,0.002057,0.002057,0.144043,0.0,1.42604,0.046807,0.00492,0.360487,48.4372,19.2787,26.5,0.13048,0.1,0.05224,0.04,-55.1491,11.829132645763773,11.829132645763773,0.0,0.0,1.0,20.0,0.0,0.05108467796233194,5.0,1.0,1.0,1.0,0.0,0.0,0.0,0.0,0.0,0.0,0.0,0.0,7.80802819886075,5.0,0.0,46.0,0.457842148482018,4.344182195413319,2.074611809429565,2.0,0.563183,1003.0,7.621146652271758
95,95.0,95.0,95.0,95.0,95.0,95.0,95.0,238.0,26520.0,20.0,0.0357446494266763,0.005,0.001,0.0200278,0.005,0.001,0.0200278,0.002,0.0004,0.002386,0.002386,0.138024,0.0,0.636181,0.024759,0.003806,0.300513,47.771,32.9172,26.5,0.78952,0.1,0.31584,0.04,-58.2612,12.939329137364544,12.939329137364544,0.0,0.0,1.0,20.0,0.0,0.10051329294892646,5.0,1.0,1.0,1.0,0.0,0.0,0.0,0.0,0.0,0.0,0.0,0.0,8.344508643964014,5.0,0.0,53.5,0.0689942432579516,3.18614377365514,-0.113292180104619,1.0,0.053291,266.0,10.302219548349134
96,96.0,96.0,96.0,96.0,96.0,96.0,96.0,243.0,62649.0,49.0,0.0410320379659055,0.005,0.001,0.0177164,0.005,0.001,0.0177164,0.002,0.0004,0.004,0.004,0.18772,0.0,0.790499,0.027088,0.009039,0.237393,60.3368,63.8473,26.5,0.13688,0.1,0.05472,0.04,-55.3432,11.565704752575074,11.565704752575074,0.0,0.0,1.0,20.0,0.0,0.08845039995294027,5.0,1.0,1.0,1.0,0.0,0.0,0.0,0.0,0.0,0.0,0.0,0.0,7.880092079599553,5.0,0.0,51.0,0.0962337273531502,3.3291393346230715,-0.0690350466010926,3.0,0.55748,627.0,0.7522040556258769
97,97.0,97.0,97.0,97.0,97.0,97.0,97.0,80.0,27748.0,48.0,0.0288675779656577,0.005,0.001,0.0021554,0.005,0.001,0.0021554,0.002,0.0004,0.003182,0.003182,0.138138,0.0,0.75301,0.028231,0.000247,0.326825,39.5661,42.7387,26.5,0.53712,0.1,0.21488,0.04,-56.85,6.544632625583708,6.544632625583708,0.0,0.0,1.0,20.0,0.0,0.03530905037980668,5.0,1.0,1.0,1.0,0.0,0.0,0.0,0.0,0.0,0.0,0.0,0.0,7.46993370365373,5.0,0.0,59.5,0.1538792547065364,3.8514700819605134,0.6364131201471231,2.0,0.230728,278.0,16.05305261538638
98,98.0,98.0,98.0,98.0,98.0,98.0,98.0,248.0,64086.0,86.0,0.0164926699993289,0.005,0.001,0.0045682,0.005,0.001,0.0045682,0.002,0.0004,0.003559,0.003559,0.183054,0.0,1.02961,0.000688,0.009043,0.179669,52.8971,50.3408,26.5,0.05912,0.1,0.02368,0.04,-58.8162,8.090857461517242,8.090857461517242,0.0,0.0,1.0,20.0,0.0,0.0643591299481769,5.0,1.0,1.0,1.0,0.0,0.0,0.0,0.0,0.0,0.0,0.0,0.0,7.570851727139528,5.0,0.0,46.0,0.2003419987265776,3.595305348055469,0.538009903654009,2.0,0.379016,641.0,0.1564169288636622
99,99.0,99.0,99.0,99.0,99.0,99.0,99.0,152.0,98897.0,97.0,0.0315369490448389,0.005,0.001,0.0078988,0.005,0.001,0.0078988,0.002,0.0004,0.004136,0.004136,0.115121,0.0,0.282753,0.036331,0.014238,0.23287,37.2503,67.3875,26.5,0.0492,0.1,0.01968,0.04,-59.4996,9.220616246759532,9.220616246759532,0.0,0.0,1.0,20.0,0.0,0.05603688527305447,5.0,1.0,1.0,1.0,0.0,0.0,0.0,0.0,0.0,0.0,0.0,0.0,7.331043771043601,5.0,0.0,13.0,0.178275331627504,0.4441229733672129,0.2186427604533575,1.0,0.182454,989.0,0.089942439312488
