,Unnamed: 0.3,Unnamed: 0.2,Unnamed: 0.1,Unnamed: 0,gTON_STN_MEAN_nS_pF,gTON_STN_SIGMA,gTON_STN_THETA,gTON_CL_S_MEAN_nS_pF,gTON_CL_S_SIGMA,gTON_CL_S_THETA,gTON_CL_D_MEAN_nS_pF,gTON_CL_D_SIGMA,gTON_CL_D_THETA,gKCC2_S_nS_pF,gKCC2_D_nS_pF,gTRPC3_nS_pF,gHCN_nS_pF,gCA_nS_pF,gL_nS_pF,gSK_nS_pF,gNAP_nS_pF,gNAF_nS_pF,gKDR_nS_pF,gSD_nS,soma_noise_intensity,soma_noise_intensity_theta,dend_noise_intensity,dend_noise_intensity_theta,Eleak_mV,CL_in_S,CL_in_D,Iapp,Iapp_dend,gpe_stim,gpe_stim_freqs,gpe_poisson,W_gpe,gpe_start_time,gpe_base_length,gpe_stim_length,gpe_post_length,str_stim,str_stim_freqs,str_poisson,W_str,str_start_time,str_base_length,str_stim_length,str_post_length,tausyn,tauexc,tausyn_dend,pre_exp_fr,pre_exp_cv,pre_exp_fr_zscore,pre_exp_cv_zscore,connections,total_weight,sim,rel_error
0,0.0,223.0,48987.0,87.0,0.0,0.0,0.0,0.002513,0.001,0.001,0.002513,0.0004,0.0004,0.003514,0.003514,0.092705,0.0,0.430305,0.048689,0.008068,0.169934,31.1721,38.8836,26.5,0.006052,0.1,0.002421,0.04,-57.8398,6.658056471325513,6.658056471325513,0.0,0.0,0.0,0.0,0.0,0.0,0.0,0.0,0.0,0.0,0.0,0.0,0.0,0.0,0.0,0.0,0.0,0.0,3.0,5.0,6.44555e-314,4.0,0.3617382682855741,-0.5472940684483523,1.1759202138682998,3.0,0.67847,490.0,0.0782889064418901
1,1.0,12.0,49416.0,16.0,0.0,0.0,0.0,0.008683,0.001,0.001,0.008683,0.0004,0.0004,0.003642,0.003642,0.123701,0.0,0.886504,0.058769,0.008748,0.223165,30.9851,67.8636,26.5,0.000875,0.1,0.00035,0.04,-61.4437,9.867684621776908,9.867684621776908,0.0,0.0,0.0,0.0,0.0,0.0,0.0,0.0,0.0,0.0,0.0,0.0,0.0,0.0,0.0,0.0,0.0,0.0,3.0,5.0,0.0,4.0,0.1677900456071654,-0.7893587085799616,-0.0904319003841219,2.0,0.4212789999999999,495.0,0.0039566297733759
2,2.0,96.0,92307.0,7.0,0.0,0.0,0.0,0.00252,0.001,0.001,0.00252,0.0004,0.0004,0.002859,0.002859,0.076186,0.0,1.06154,0.035062,0.008455,0.128097,39.7854,27.1872,26.5,0.004823,0.1,0.001929,0.04,-57.8084,7.128015861407147,7.128015861407147,0.0,0.0,0.0,0.0,0.0,0.0,0.0,0.0,0.0,0.0,0.0,0.0,0.0,0.0,0.0,0.0,0.0,0.0,3.0,5.0,0.0,4.0,0.1035066399256608,-0.3414357566149363,0.021572847003538,1.0,0.236075,924.0,0.0152651620365879
3,3.0,172.0,124120.0,20.0,0.0,0.0,0.0,0.003992,0.001,0.001,0.003992,0.0004,0.0004,0.002592,0.002592,0.110732,0.0,0.764274,0.054807,0.008124,0.1595,43.4084,63.5912,26.5,0.008849,0.1,0.00354,0.04,-58.9219,8.599691229521886,8.599691229521886,0.0,0.0,0.0,0.0,0.0,0.0,0.0,0.0,0.0,0.0,0.0,0.0,0.0,0.0,0.0,0.0,0.0,0.0,3.0,5.0,6.47844e-314,4.0,0.1989401832901281,-0.4660118681991761,0.21086965607091,1.0,0.238459,1242.0,0.0065670445809396
4,4.0,188.0,58164.0,64.0,0.0,0.0,0.0,0.000987,0.001,0.001,0.000987,0.0004,0.0004,0.002959,0.002959,0.074683,0.0,0.636782,0.044076,0.010724,0.15529,50.4488,63.0627,26.5,0.007673,0.1,0.003069,0.04,-60.5303,5.386679465933858,5.386679465933858,0.0,0.0,0.0,0.0,0.0,0.0,0.0,0.0,0.0,0.0,0.0,0.0,0.0,0.0,0.0,0.0,0.0,0.0,3.0,5.0,3.14384e-319,3.0,0.1471589176676803,-0.7329459941620562,0.0061029771133743,2.0,0.090351,582.0,0.0240742555080489
5,5.0,197.0,58161.0,61.0,0.0,0.0,0.0,0.002954,0.001,0.001,0.002954,0.0004,0.0004,0.00912,0.00912,0.102077,0.0,0.656789,0.037469,0.005557,0.235087,18.626,55.3847,26.5,0.011251,0.1,0.0045,0.04,-59.3461,5.350748044488272,5.350748044488272,0.0,0.0,0.0,0.0,0.0,0.0,0.0,0.0,0.0,0.0,0.0,0.0,0.0,0.0,0.0,0.0,0.0,0.0,3.0,5.0,4.25287e-314,3.5,0.2052738035614249,-0.6658263976270694,0.3880631632932877,2.0,0.401877,582.0,0.0070577079726187
6,6.0,129.0,100410.0,10.0,0.0,0.0,0.0,0.001431,0.001,0.001,0.001431,0.0004,0.0004,0.001247,0.001247,0.171525,0.0,0.78543,0.077307,0.009171,0.258877,15.1649,50.7399,26.5,0.001556,0.1,0.000622,0.04,-60.5516,7.789998396545591,7.789998396545591,0.0,0.0,0.0,0.0,0.0,0.0,0.0,0.0,0.0,0.0,0.0,0.0,0.0,0.0,0.0,0.0,0.0,0.0,3.0,5.0,1e-323,2.0,0.2510161869900741,-0.5500417121811177,0.8460911995902759,2.0,0.815914,1005.0,0.0018187091584212
7,7.0,108.0,40340.0,40.0,0.0,0.0,0.0,0.00456,0.001,0.001,0.00456,0.0004,0.0004,0.004858,0.004858,0.097175,0.0,0.670463,0.05095,0.009722,0.164694,36.7917,51.0825,26.5,0.010623,0.1,0.004249,0.04,-58.5843,7.279262530422219,7.279262530422219,0.0,0.0,0.0,0.0,0.0,0.0,0.0,0.0,0.0,0.0,0.0,0.0,0.0,0.0,0.0,0.0,0.0,0.0,3.0,5.0,6.47676e-314,4.0,0.1255235477773912,-0.9693743240202708,-0.4991599899044349,3.0,0.678953,404.0,0.0031166807798857
8,8.0,224.0,124005.0,5.0,0.0,0.0,0.0,0.004745,0.001,0.001,0.004745,0.0004,0.0004,0.001109,0.001109,0.113634,0.0,0.546054,0.049139,0.009404,0.197402,39.4139,30.6725,26.5,0.001448,0.1,0.000579,0.04,-57.8008,11.478766957014898,11.478766957014898,0.0,0.0,0.0,0.0,0.0,0.0,0.0,0.0,0.0,0.0,0.0,0.0,0.0,0.0,0.0,0.0,0.0,0.0,3.0,5.0,0.0,4.0,0.391251457272221,-0.5207775555713372,1.3999410852843266,3.0,1.5485,1241.0,0.0353312884318853
9,9.0,102.0,1853.0,53.0,0.0,0.0,0.0,0.00246,0.001,0.001,0.00246,0.0004,0.0004,0.006799,0.006799,0.086169,0.0,0.798471,0.036765,0.008085,0.171093,33.7487,47.2315,26.5,0.001102,0.1,0.000441,0.04,-57.287,5.490753478534281,5.490753478534281,0.0,0.0,0.0,0.0,0.0,0.0,0.0,0.0,0.0,0.0,0.0,0.0,0.0,0.0,0.0,0.0,0.0,0.0,3.0,5.0,4.26863e-314,8.5,0.1154294022543187,0.0809781793206134,-0.3109615887683641,2.0,0.227193,19.0,0.0083678699331265
10,10.0,45.0,14965.0,65.0,0.0,0.0,0.0,0.003167,0.001,0.001,0.003167,0.0004,0.0004,0.005368,0.005368,0.115079,0.0,0.581415,0.050626,0.010004,0.181358,35.4941,44.8527,26.5,0.011211,0.1,0.004485,0.04,-58.9538,6.272110348277729,6.272110348277729,0.0,0.0,0.0,0.0,0.0,0.0,0.0,0.0,0.0,0.0,0.0,0.0,0.0,0.0,0.0,0.0,0.0,0.0,3.0,5.0,6.40597e-314,7.5,0.1825167668614295,-0.1055090214204873,0.1926688235356071,1.0,0.079759,150.0,0.0023569674724055
11,11.0,15.0,103745.0,45.0,0.0,0.0,0.0,0.003477,0.001,0.001,0.003477,0.0004,0.0004,0.001078,0.001078,0.10326,0.0,0.677797,0.039555,0.008847,0.149091,38.5793,40.4266,26.5,0.010868,0.1,0.004347,0.04,-57.1206,10.728152203077961,10.728152203077961,0.0,0.0,0.0,0.0,0.0,0.0,0.0,0.0,0.0,0.0,0.0,0.0,0.0,0.0,0.0,0.0,0.0,0.0,3.0,5.0,0.0,8.5,0.2896728434639072,0.0929826880266719,1.1388045429097051,1.0,0.40011,1038.0,0.007382733772461
12,12.0,176.0,108040.0,40.0,0.0,0.0,0.0,0.004931,0.001,0.001,0.004931,0.0004,0.0004,0.001664,0.001664,0.104543,0.0,0.755549,0.039465,0.008574,0.162913,31.783,49.2205,26.5,0.00079,0.1,0.000316,0.04,-57.9872,10.4914123659472,10.4914123659472,0.0,0.0,0.0,0.0,0.0,0.0,0.0,0.0,0.0,0.0,0.0,0.0,0.0,0.0,0.0,0.0,0.0,0.0,3.0,5.0,6.44623e-314,6.5,0.3800633578955626,-0.6332117167401804,1.1360372301741355,2.0,0.8522890000000001,1081.0,0.0106280634382625
13,13.0,139.0,79571.0,71.0,0.0,0.0,0.0,0.003953,0.001,0.001,0.003953,0.0004,0.0004,0.000902,0.000902,0.099648,0.0,0.629857,0.037472,0.01047,0.148956,38.546,47.5841,26.5,0.011528,0.1,0.004611,0.04,-56.0686,11.539215344831153,11.539215344831153,0.0,0.0,0.0,0.0,0.0,0.0,0.0,0.0,0.0,0.0,0.0,0.0,0.0,0.0,0.0,0.0,0.0,0.0,3.0,5.0,4.24751e-314,9.5,0.1453491971958857,0.0850403240103491,-0.1940842271680165,1.0,0.421595,796.0,0.0389541053227404
14,14.0,242.0,101264.0,64.0,0.0,0.0,0.0,0.001103,0.001,0.001,0.001103,0.0004,0.0004,0.004475,0.004475,0.098683,0.0,0.710446,0.042193,0.009053,0.158258,31.4235,53.4951,26.5,0.00107,0.1,0.000428,0.04,-58.816,5.05577327914357,5.05577327914357,0.0,0.0,0.0,0.0,0.0,0.0,0.0,0.0,0.0,0.0,0.0,0.0,0.0,0.0,0.0,0.0,0.0,0.0,3.0,5.0,3.14384e-319,6.5,0.1179341149823996,-0.7103791575335612,-0.3601692531625181,1.0,0.354322,1013.0,0.0036510233765261
15,15.0,151.0,75615.0,15.0,0.0,0.0,0.0,0.003797,0.001,0.001,0.003797,0.0004,0.0004,0.003433,0.003433,0.122829,0.0,0.51575,0.049081,0.008338,0.211983,43.2186,56.8005,26.5,0.001171,0.1,0.000469,0.04,-56.6847,7.693369838668607,7.693369838668607,0.0,0.0,0.0,0.0,0.0,0.0,0.0,0.0,0.0,0.0,0.0,0.0,0.0,0.0,0.0,0.0,0.0,0.0,3.0,5.0,0.0,9.0,0.3725361130790491,-0.1477942860075781,0.9943932815425996,3.0,0.872954,757.0,0.0084398847678001
16,16.0,89.0,74804.0,4.0,0.0,0.0,0.0,0.007607,0.001,0.001,0.007607,0.0004,0.0004,0.001404,0.001404,0.096489,0.0,0.655395,0.04531,0.009221,0.16168,41.1366,52.1033,26.5,0.00104,0.1,0.000416,0.04,-55.8911,12.048164311758496,12.048164311758496,0.0,0.0,0.0,0.0,0.0,0.0,0.0,0.0,0.0,0.0,0.0,0.0,0.0,0.0,0.0,0.0,0.0,0.0,3.0,5.0,0.0,7.0,0.3495862436722388,-0.0164055077626972,1.627848448769258,3.0,0.952438,749.0,0.0177092187246343
17,17.0,46.0,22545.0,45.0,0.0,0.0,0.0,0.002957,0.001,0.001,0.002957,0.0004,0.0004,0.003257,0.003257,0.095379,0.0,0.790757,0.037773,0.007262,0.178878,27.7186,48.2671,26.5,0.010641,0.1,0.004256,0.04,-58.4186,7.198592328613758,7.198592328613758,0.0,0.0,0.0,0.0,0.0,0.0,0.0,0.0,0.0,0.0,0.0,0.0,0.0,0.0,0.0,0.0,0.0,0.0,3.0,5.0,0.0,9.5,0.0677181912060259,0.1400844219791328,-0.2259302658255842,1.0,0.08862,226.0,0.1354856524509147
18,18.0,236.0,112918.0,18.0,0.0,0.0,0.0,0.004788,0.001,0.001,0.004788,0.0004,0.0004,0.005075,0.005075,0.094575,0.0,0.479149,0.045069,0.011974,0.147321,45.5954,50.501,26.5,0.007354,0.1,0.002942,0.04,-55.0008,7.291690790062301,7.291690790062301,0.0,0.0,0.0,0.0,0.0,0.0,0.0,0.0,0.0,0.0,0.0,0.0,0.0,0.0,0.0,0.0,0.0,0.0,3.0,5.0,6.46899e-314,10.5,0.2202472917073133,0.1985908374421997,0.2773119843904624,1.0,0.454108,1130.0,0.0049546595604615
19,19.0,54.0,103198.0,98.0,0.0,0.0,0.0,0.005539,0.001,0.001,0.005539,0.0004,0.0004,0.00464,0.00464,0.097759,0.0,0.750254,0.040645,0.008536,0.168722,39.2269,51.9269,26.5,0.009733,0.1,0.003893,0.04,-56.4238,7.8948155752929745,7.8948155752929745,0.0,0.0,0.0,0.0,0.0,0.0,0.0,0.0,0.0,0.0,0.0,0.0,0.0,0.0,0.0,0.0,0.0,0.0,3.0,5.0,0.0,11.0,0.2972297298743744,0.6448681634677028,0.6827794781566494,1.0,0.430372,1032.0,0.0255541008799565
20,20.0,104.0,96522.0,22.0,0.0,0.0,0.0,0.006816,0.001,0.001,0.006816,0.0004,0.0004,0.004309,0.004309,0.079688,0.0,0.629946,0.032113,0.007646,0.234046,23.5162,49.9998,26.5,0.008949,0.1,0.00358,0.04,-58.5561,8.675853500582368,8.675853500582368,0.0,0.0,0.0,0.0,0.0,0.0,0.0,0.0,0.0,0.0,0.0,0.0,0.0,0.0,0.0,0.0,0.0,0.0,3.0,5.0,6.40996e-314,12.5,0.0615821000056311,0.2432025478893513,-0.4096663836148629,2.0,0.794764,966.0,0.0043308314312584
21,21.0,216.0,12499.0,99.0,0.0,0.0,0.0,0.004914,0.001,0.001,0.004914,0.0004,0.0004,0.012083,0.012083,0.090098,0.0,0.738179,0.040877,0.00875,0.174312,43.957,30.5623,26.5,0.000709,0.1,0.000284,0.04,-56.1126,5.652655475732851,5.652655475732851,0.0,0.0,0.0,0.0,0.0,0.0,0.0,0.0,0.0,0.0,0.0,0.0,0.0,0.0,0.0,0.0,0.0,0.0,3.0,5.0,2.12725e-314,11.5,0.1682809982308427,0.3461069019321245,0.0153514841665969,1.0,0.115171,125.0,0.0807423050556524
22,22.0,50.0,49470.0,70.0,0.0,0.0,0.0,0.002896,0.001,0.001,0.002896,0.0004,0.0004,0.003056,0.003056,0.097353,0.0,0.800857,0.02436,0.00954,0.110521,39.2931,38.8521,26.5,0.000921,0.1,0.000368,0.04,-54.1004,7.302547245904843,7.302547245904843,0.0,0.0,0.0,0.0,0.0,0.0,0.0,0.0,0.0,0.0,0.0,0.0,0.0,0.0,0.0,0.0,0.0,0.0,3.0,5.0,6.43945e-314,11.5,0.2307279149835355,0.4042280483453833,0.3482490937500056,1.0,0.202567,495.0,0.0110902251156885
23,23.0,36.0,46360.0,60.0,0.0,0.0,0.0,0.003354,0.001,0.001,0.003354,0.0004,0.0004,0.003434,0.003434,0.106976,0.0,0.533834,0.030976,0.008963,0.134872,36.262,51.4034,26.5,0.012219,0.1,0.004887,0.04,-57.2387,7.3770043108665435,7.3770043108665435,0.0,0.0,0.0,0.0,0.0,0.0,0.0,0.0,0.0,0.0,0.0,0.0,0.0,0.0,0.0,0.0,0.0,0.0,3.0,5.0,6.4833e-314,12.0,0.0592225220220368,0.4748472663323413,-0.6802167909029855,0.0,0.0,464.0,0.0644464132600041
24,24.0,237.0,44481.0,81.0,0.0,0.0,0.0,0.003912,0.001,0.001,0.003912,0.0004,0.0004,0.000937,0.000937,0.125992,0.0,0.801517,0.037433,0.011333,0.164652,37.3136,48.2578,26.5,0.001001,0.1,0.0004,0.04,-57.384,11.416410566978948,11.416410566978948,0.0,0.0,0.0,0.0,0.0,0.0,0.0,0.0,0.0,0.0,0.0,0.0,0.0,0.0,0.0,0.0,0.0,0.0,3.0,5.0,4.28315e-314,15.0,0.1286359399524383,0.5543494569256167,-0.0830401857068401,1.0,0.240077,445.0,0.2031112524401148
25,25.0,141.0,24121.0,21.0,0.0,0.0,0.0,0.004742,0.001,0.001,0.004742,0.0004,0.0004,0.003392,0.003392,0.111692,0.0,0.785676,0.037941,0.011605,0.242746,37.1989,36.0446,26.5,0.007138,0.1,0.002855,0.04,-56.0436,8.326710722573749,8.326710722573749,0.0,0.0,0.0,0.0,0.0,0.0,0.0,0.0,0.0,0.0,0.0,0.0,0.0,0.0,0.0,0.0,0.0,0.0,3.0,5.0,4.25267e-314,13.5,0.1086859170487177,0.337601707425912,-0.1698934610330177,1.0,0.059864,242.0,0.2015567140014074
26,26.0,191.0,22994.0,94.0,0.0,0.0,0.0,0.001315,0.001,0.001,0.001315,0.0004,0.0004,0.004405,0.004405,0.160091,0.0,0.287581,0.049332,0.010597,0.220027,28.9419,47.6055,26.5,0.014135,0.1,0.005654,0.04,-59.8925,5.255394566752076,5.255394566752076,0.0,0.0,0.0,0.0,0.0,0.0,0.0,0.0,0.0,0.0,0.0,0.0,0.0,0.0,0.0,0.0,0.0,0.0,3.0,5.0,6.41236e-314,13.5,0.2194457988656245,0.1428930342598565,0.0989465430755205,2.0,0.274919,230.0,0.0967323466453676
27,27.0,203.0,90928.0,28.0,0.0,0.0,0.0,0.004243,0.001,0.001,0.004243,0.0004,0.0004,0.005873,0.005873,0.099271,0.0,0.479737,0.032737,0.010145,0.206835,36.2043,10.5366,26.5,0.012624,0.1,0.00505,0.04,-56.3898,6.679742487677544,6.679742487677544,0.0,0.0,0.0,0.0,0.0,0.0,0.0,0.0,0.0,0.0,0.0,0.0,0.0,0.0,0.0,0.0,0.0,0.0,3.0,5.0,4.82e-321,13.0,0.0935107136909707,0.7057256667400508,-0.3681637078342079,0.0,0.0,910.0,0.0918554257849683
28,28.0,117.0,43588.0,88.0,0.0,0.0,0.0,0.007319,0.001,0.001,0.007319,0.0004,0.0004,0.000934,0.000934,0.107309,0.0,0.713701,0.031538,0.009261,0.168477,38.2209,67.9345,26.5,0.010169,0.1,0.004068,0.04,-58.4093,12.813996724139649,12.813996724139649,0.0,0.0,0.0,0.0,0.0,0.0,0.0,0.0,0.0,0.0,0.0,0.0,0.0,0.0,0.0,0.0,0.0,0.0,3.0,5.0,6.47618e-314,12.5,0.2725913473417835,0.4052866646416463,0.5846549612211338,3.0,0.484799,436.0,0.0081467649532005
29,29.0,235.0,28360.0,60.0,0.0,0.0,0.0,0.006517,0.001,0.001,0.006517,0.0004,0.0004,0.005979,0.005979,0.15057,0.0,0.435142,0.030832,0.011471,0.111869,62.3014,68.8814,26.5,0.004637,0.1,0.001855,0.04,-56.8693,7.655398255568643,7.655398255568643,0.0,0.0,0.0,0.0,0.0,0.0,0.0,0.0,0.0,0.0,0.0,0.0,0.0,0.0,0.0,0.0,0.0,0.0,3.0,5.0,6.40968e-314,14.0,0.0953826108226141,0.2231939631952864,0.285711186198257,1.0,0.152131,284.0,0.0396772062826139
30,30.0,251.0,22848.0,48.0,0.0,0.0,0.0,0.002337,0.001,0.001,0.002337,0.0004,0.0004,0.002127,0.002127,0.095252,0.0,0.213598,0.033867,0.007403,0.214067,34.5174,63.0115,26.5,0.001258,0.1,0.000503,0.04,-56.4925,7.676143221005811,7.676143221005811,0.0,0.0,0.0,0.0,0.0,0.0,0.0,0.0,0.0,0.0,0.0,0.0,0.0,0.0,0.0,0.0,0.0,0.0,3.0,5.0,1.47234e-21,20.0,0.251690253962964,1.0956357230866915,0.6935570852055487,3.0,0.334678,229.0,0.0184300069927643
31,31.0,71.0,21607.0,7.0,0.0,0.0,0.0,0.002748,0.001,0.001,0.002748,0.0004,0.0004,0.001002,0.001002,0.076345,0.0,0.795519,0.039331,0.004874,0.169365,46.1133,54.0193,26.5,0.001125,0.1,0.00045,0.04,-57.0061,10.271554277583396,10.271554277583396,0.0,0.0,0.0,0.0,0.0,0.0,0.0,0.0,0.0,0.0,0.0,0.0,0.0,0.0,0.0,0.0,0.0,0.0,3.0,5.0,0.0,15.5,0.1431466532866173,0.5018531672878964,-0.0277090807156079,2.0,0.161585,217.0,0.0724591015494246
32,32.0,25.0,52061.0,61.0,0.0,0.0,0.0,0.005219,0.001,0.001,0.005219,0.0004,0.0004,0.005498,0.005498,0.14256,0.0,0.703476,0.035929,0.012077,0.235237,48.4711,39.5731,26.5,0.001108,0.1,0.000443,0.04,-57.6756,7.306706755697146,7.306706755697146,0.0,0.0,0.0,0.0,0.0,0.0,0.0,0.0,0.0,0.0,0.0,0.0,0.0,0.0,0.0,0.0,0.0,0.0,3.0,5.0,4.24578e-314,17.5,0.1212918359806188,0.8355966076641852,-0.008591356566217,3.0,0.562552,521.0,0.0762843806492614
33,33.0,6.0,133880.0,80.0,0.0,0.0,0.0,0.000936,0.001,0.001,0.000936,0.0004,0.0004,0.007674,0.007674,0.080924,0.0,0.74922,0.040325,0.004993,0.209732,37.7276,66.9902,26.5,0.001024,0.1,0.000409,0.04,-57.7179,4.556534723473769,4.556534723473769,0.0,0.0,0.0,0.0,0.0,0.0,0.0,0.0,0.0,0.0,0.0,0.0,0.0,0.0,0.0,0.0,0.0,0.0,3.0,5.0,6.40895e-314,15.5,0.2106031978024833,1.0828414807602111,0.652516487392647,1.0,0.355689,1339.0,0.0356893106077791
34,34.0,165.0,26531.0,31.0,0.0,0.0,0.0,0.005976,0.001,0.001,0.005976,0.0004,0.0004,0.001558,0.001558,0.101552,0.0,0.514788,0.045626,0.004177,0.129921,51.8133,60.7931,26.5,0.003903,0.1,0.001561,0.04,-57.858,11.196456463355073,11.196456463355073,0.0,0.0,0.0,0.0,0.0,0.0,0.0,0.0,0.0,0.0,0.0,0.0,0.0,0.0,0.0,0.0,0.0,0.0,3.0,5.0,4.28045e-314,16.5,0.1383732512291215,0.4008556549253069,0.4282487185934217,2.0,0.189808,266.0,0.0884207262460412
35,35.0,125.0,904.0,4.0,0.0,0.0,0.0,0.00068,0.001,0.001,0.00068,0.0004,0.0004,0.003318,0.003318,0.11108,0.0,0.821058,0.045924,0.007468,0.190345,34.0813,37.3013,26.5,0.00871,0.1,0.003484,0.04,-57.0375,4.892558219599536,4.892558219599536,0.0,0.0,0.0,0.0,0.0,0.0,0.0,0.0,0.0,0.0,0.0,0.0,0.0,0.0,0.0,0.0,0.0,0.0,3.0,5.0,0.0,19.0,0.1144845018287331,1.8105282102292533,-0.5968471296051147,2.0,0.201245,10.0,0.3221519407970771
36,36.0,153.0,11941.0,41.0,0.0,0.0,0.0,0.002564,0.001,0.001,0.002564,0.0004,0.0004,0.001453,0.001453,0.121019,0.0,0.838432,0.045594,0.005488,0.161376,38.2499,51.8679,26.5,0.007,0.1,0.0028,0.04,-56.6927,8.990820059476757,8.990820059476757,0.0,0.0,0.0,0.0,0.0,0.0,0.0,0.0,0.0,0.0,0.0,0.0,0.0,0.0,0.0,0.0,0.0,0.0,3.0,5.0,6.41353e-314,18.0,0.1816544079224633,1.6644621754098936,-0.0315568059334071,2.0,0.185615,120.0,0.1485121269402699
37,37.0,58.0,95750.0,50.0,0.0,0.0,0.0,0.000805,0.001,0.001,0.000805,0.0004,0.0004,0.002301,0.002301,0.138017,0.0,0.390733,0.041416,0.013887,0.204617,45.5526,110.872,26.5,0.009303,0.1,0.003721,0.04,-56.2134,5.446868817577588,5.446868817577588,0.0,0.0,0.0,0.0,0.0,0.0,0.0,0.0,0.0,0.0,0.0,0.0,0.0,0.0,0.0,0.0,0.0,0.0,3.0,5.0,4.28302e-314,16.5,0.1419474178626409,0.6785160029886479,0.2346507782557349,1.0,0.342883,958.0,0.1789362305263595
38,38.0,100.0,51325.0,25.0,0.0,0.0,0.0,0.00606,0.001,0.001,0.00606,0.0004,0.0004,0.002618,0.002618,0.097294,0.0,0.836457,0.035442,0.00818,0.234311,47.1377,34.9947,26.5,0.010674,0.1,0.00427,0.04,-57.4764,9.781792660475881,9.781792660475881,0.0,0.0,0.0,0.0,0.0,0.0,0.0,0.0,0.0,0.0,0.0,0.0,0.0,0.0,0.0,0.0,0.0,0.0,3.0,5.0,4.24871e-314,17.5,0.071393661661821,0.9273051512233712,-0.2150871085656453,2.0,0.359348,514.0,1.4638934538368948
39,39.0,142.0,11036.0,36.0,0.0,0.0,0.0,0.006814,0.001,0.001,0.006814,0.0004,0.0004,0.004,0.004,0.092138,0.0,0.48812,0.037992,0.010202,0.221315,33.6321,55.9541,26.5,0.001099,0.1,0.00044,0.04,-54.4206,8.888836127742382,8.888836127742382,0.0,0.0,0.0,0.0,0.0,0.0,0.0,0.0,0.0,0.0,0.0,0.0,0.0,0.0,0.0,0.0,0.0,0.0,3.0,5.0,6.47292e-314,19.5,0.0841342614124174,1.1241218673883706,-0.4139289723438618,3.0,0.27998,111.0,0.4347331881315661
40,40.0,106.0,99932.0,32.0,0.0,0.0,0.0,0.003513,0.001,0.001,0.003513,0.0004,0.0004,0.006814,0.006814,0.093152,0.0,0.986125,0.034571,0.007958,0.163289,66.2249,46.8559,26.5,0.012559,0.1,0.005023,0.04,-56.2852,6.02859341868633,6.02859341868633,0.0,0.0,0.0,0.0,0.0,0.0,0.0,0.0,0.0,0.0,0.0,0.0,0.0,0.0,0.0,0.0,0.0,0.0,3.0,5.0,4.11e-321,15.5,0.0667752753141813,0.5552429848276906,-0.4034642824436762,2.0,0.342194,1000.0,0.5631404994654995
41,41.0,123.0,9658.0,58.0,0.0,0.0,0.0,0.002691,0.001,0.001,0.002691,0.0004,0.0004,0.000959,0.000959,0.116151,0.0,0.749028,0.020997,0.008858,0.191377,25.8911,44.1843,26.5,0.000824,0.1,0.000329,0.04,-59.893,10.336881234819787,10.336881234819787,0.0,0.0,0.0,0.0,0.0,0.0,0.0,0.0,0.0,0.0,0.0,0.0,0.0,0.0,0.0,0.0,0.0,0.0,3.0,5.0,6.4364e-314,17.5,0.2198588038141154,1.1507983509986923,0.1245045393917624,3.0,0.236863,97.0,0.0175716251216128
42,42.0,163.0,29282.0,82.0,0.0,0.0,0.0,0.001081,0.001,0.001,0.001081,0.0004,0.0004,0.000816,0.000816,0.131414,0.0,0.907811,0.029565,0.008505,0.146514,40.2116,29.4384,26.5,0.000631,0.1,0.000252,0.04,-58.2404,8.177497308566316,8.177497308566316,0.0,0.0,0.0,0.0,0.0,0.0,0.0,0.0,0.0,0.0,0.0,0.0,0.0,0.0,0.0,0.0,0.0,0.0,3.0,5.0,6.47529e-314,17.0,0.1613452548061742,0.6255045953442887,0.3054190898036529,2.0,0.207413,293.0,0.2510448104607579
43,43.0,66.0,94494.0,94.0,0.0,0.0,0.0,0.005739,0.001,0.001,0.005739,0.0004,0.0004,0.001943,0.001943,0.127949,0.0,0.456384,0.028336,0.011368,0.236229,26.1818,19.6531,26.5,0.000863,0.1,0.000345,0.04,-58.023,10.482204080987811,10.482204080987811,0.0,0.0,0.0,0.0,0.0,0.0,0.0,0.0,0.0,0.0,0.0,0.0,0.0,0.0,0.0,0.0,0.0,0.0,3.0,5.0,6.40524e-314,17.5,0.5120054703775305,0.852356115540853,2.115766709662286,2.0,0.6438090000000001,945.0,0.0674162635089778
44,44.0,41.0,59832.0,32.0,0.0,0.0,0.0,0.002238,0.001,0.001,0.002238,0.0004,0.0004,0.002208,0.002208,0.115972,0.0,0.795029,0.022349,0.011394,0.178097,37.2944,47.7828,26.5,0.000981,0.1,0.000393,0.04,-58.0117,7.4696878863489955,7.4696878863489955,0.0,0.0,0.0,0.0,0.0,0.0,0.0,0.0,0.0,0.0,0.0,0.0,0.0,0.0,0.0,0.0,0.0,0.0,3.0,5.0,4.11e-321,19.0,0.0990506002392933,0.8647341023702656,0.3964850190345171,3.0,0.529975,599.0,0.0281435628418026
45,45.0,24.0,131429.0,29.0,0.0,0.0,0.0,0.002688,0.001,0.001,0.002688,0.0004,0.0004,0.006583,0.006583,0.174133,0.0,0.613193,0.042612,0.010218,0.180054,35.4052,49.2907,26.5,0.001356,0.1,0.000542,0.04,-57.8227,5.658486273771966,5.658486273771966,0.0,0.0,0.0,0.0,0.0,0.0,0.0,0.0,0.0,0.0,0.0,0.0,0.0,0.0,0.0,0.0,0.0,0.0,3.0,5.0,6.47828e-314,17.5,0.1927257565859081,0.9292536842707244,0.376335881712932,3.0,1.228409,1315.0,0.0288732647931685
46,46.0,239.0,54171.0,71.0,0.0,0.0,0.0,0.007077,0.001,0.001,0.007077,0.0004,0.0004,0.003449,0.003449,0.086703,0.0,0.757437,0.047023,0.008423,0.238566,37.1965,43.9126,26.5,0.003886,0.1,0.001554,0.04,-55.2576,9.43010212693326,9.43010212693326,0.0,0.0,0.0,0.0,0.0,0.0,0.0,0.0,0.0,0.0,0.0,0.0,0.0,0.0,0.0,0.0,0.0,0.0,3.0,5.0,4.25013e-314,17.0,0.2551930429600363,0.6842125529378563,0.3845225225913471,1.0,0.247097,542.0,0.0096527334420856
47,47.0,35.0,130003.0,3.0,0.0,0.0,0.0,0.007666,0.001,0.001,0.007666,0.0004,0.0004,0.00312,0.00312,0.185947,0.0,0.871615,0.072568,0.006097,0.144292,50.1,51.7833,26.5,0.00181,0.1,0.000724,0.04,-56.2301,9.95509660307997,9.95509660307997,0.0,0.0,0.0,0.0,0.0,0.0,0.0,0.0,0.0,0.0,0.0,0.0,0.0,0.0,0.0,0.0,0.0,0.0,3.0,5.0,0.0,23.0,0.0840764170713814,1.0000627811570215,-0.2432342527365462,1.0,0.336105,1301.0,1.0859205236456748
48,48.0,87.0,92546.0,46.0,0.0,0.0,0.0,0.000895,0.001,0.001,0.000895,0.0004,0.0004,0.003233,0.003233,0.113272,0.0,1.055,0.034956,0.008481,0.18164,32.3273,17.0538,26.5,0.015811,0.1,0.006324,0.04,-55.502,5.172857997586412,5.172857997586412,0.0,0.0,0.0,0.0,0.0,0.0,0.0,0.0,0.0,0.0,0.0,0.0,0.0,0.0,0.0,0.0,0.0,0.0,3.0,5.0,6.41132e-314,23.5,0.2407141385422043,1.126519650311608,1.0091428757405685,4.0,1.266268,926.0,0.1840227094955994
49,49.0,94.0,54745.0,45.0,0.0,0.0,0.0,0.003169,0.001,0.001,0.003169,0.0004,0.0004,0.00674,0.00674,0.109628,0.0,0.688839,0.046144,0.007535,0.267334,26.1469,49.9286,26.5,0.006421,0.1,0.002568,0.04,-57.5881,5.874781117912407,5.874781117912407,0.0,0.0,0.0,0.0,0.0,0.0,0.0,0.0,0.0,0.0,0.0,0.0,0.0,0.0,0.0,0.0,0.0,0.0,3.0,5.0,0.0,20.5,0.1727520956676436,1.2322270814246383,0.3612935028005978,2.0,0.337206,548.0,0.0374540195345945
50,50.0,34.0,66402.0,2.0,0.0,0.0,0.0,0.005359,0.001,0.001,0.005359,0.0004,0.0004,0.002319,0.002319,0.199406,0.0,0.697961,0.043449,0.004988,0.116859,47.9974,33.1802,26.5,0.000649,0.1,0.000259,0.04,-58.9593,9.776966524820637,9.776966524820637,0.0,0.0,0.0,0.0,0.0,0.0,0.0,0.0,0.0,0.0,0.0,0.0,0.0,0.0,0.0,0.0,0.0,0.0,3.0,5.0,0.0,24.0,0.1685231045542306,1.4327673761885136,0.2504689209474665,1.0,0.220953,665.0,0.3990539296554431
51,51.0,114.0,57567.0,67.0,0.0,0.0,0.0,0.00214,0.001,0.001,0.00214,0.0004,0.0004,0.000796,0.000796,0.146692,0.0,0.735958,0.035456,0.007325,0.195859,30.5441,59.2191,26.5,0.004889,0.1,0.001956,0.04,-58.1047,10.21456068871596,10.21456068871596,0.0,0.0,0.0,0.0,0.0,0.0,0.0,0.0,0.0,0.0,0.0,0.0,0.0,0.0,0.0,0.0,0.0,0.0,3.0,5.0,4.24816e-314,23.0,0.2021068276548624,1.8598470791211923,0.302335044186732,3.0,0.748523,576.0,0.0559030343147575
52,52.0,33.0,94115.0,15.0,0.0,0.0,0.0,0.001757,0.001,0.001,0.001757,0.0004,0.0004,0.003559,0.003559,0.08417,0.0,0.659256,0.038613,0.004049,0.173831,64.8782,53.3018,26.5,0.012019,0.1,0.004808,0.04,-56.9283,5.954945917690279,5.954945917690279,0.0,0.0,0.0,0.0,0.0,0.0,0.0,0.0,0.0,0.0,0.0,0.0,0.0,0.0,0.0,0.0,0.0,0.0,3.0,5.0,0.0,22.5,0.1840736719550773,0.9205842388965052,0.2748877971837641,2.0,0.473259,942.0,0.0912634393145048
53,53.0,162.0,88869.0,69.0,0.0,0.0,0.0,0.004112,0.001,0.001,0.004112,0.0004,0.0004,0.002897,0.002897,0.143927,0.0,0.69664,0.052407,0.011052,0.198369,49.9364,31.6461,26.5,0.001739,0.1,0.000695,0.04,-56.9479,8.369187685871104,8.369187685871104,0.0,0.0,0.0,0.0,0.0,0.0,0.0,0.0,0.0,0.0,0.0,0.0,0.0,0.0,0.0,0.0,0.0,0.0,3.0,5.0,6.47851e-314,20.5,0.2290948841361173,1.29957384052861,0.300985533977597,1.0,0.225382,889.0,0.1593850824098989
54,54.0,195.0,21076.0,76.0,0.0,0.0,0.0,0.001828,0.001,0.001,0.001828,0.0004,0.0004,0.007051,0.007051,0.145857,0.0,0.945951,0.046435,0.008223,0.176519,54.1795,46.0887,26.5,0.00078,0.1,0.000312,0.04,-56.1827,5.105273609531679,5.105273609531679,0.0,0.0,0.0,0.0,0.0,0.0,0.0,0.0,0.0,0.0,0.0,0.0,0.0,0.0,0.0,0.0,0.0,0.0,3.0,5.0,6.43864e-314,24.0,0.0978327686381762,1.6552078487902575,-0.0017798802174551,5.0,0.382642,211.0,0.0105463403249596
55,55.0,111.0,61528.0,28.0,0.0,0.0,0.0,0.004881,0.001,0.001,0.004881,0.0004,0.0004,0.000823,0.000823,0.145005,0.0,0.635799,0.020523,0.010041,0.22912,38.5898,42.7146,26.5,0.005279,0.1,0.002111,0.04,-59.3354,12.250212115429822,12.250212115429822,0.0,0.0,0.0,0.0,0.0,0.0,0.0,0.0,0.0,0.0,0.0,0.0,0.0,0.0,0.0,0.0,0.0,0.0,3.0,5.0,4.82e-321,21.0,0.3058831061882089,0.8867815666990747,0.673371669790429,3.0,0.656038,616.0,0.020218993987553
56,56.0,85.0,124199.0,99.0,0.0,0.0,0.0,0.003219,0.001,0.001,0.003219,0.0004,0.0004,0.012801,0.012801,0.119259,0.0,0.714793,0.050899,0.006257,0.19332,34.1972,57.3209,26.5,0.006414,0.1,0.002565,0.04,-56.705,5.075127401736276,5.075127401736276,0.0,0.0,0.0,0.0,0.0,0.0,0.0,0.0,0.0,0.0,0.0,0.0,0.0,0.0,0.0,0.0,0.0,0.0,3.0,5.0,2.16073e-314,22.5,0.2570502370960266,1.6785701123194203,0.5292269699211475,1.0,0.206312,1242.0,0.3030575307532379
57,57.0,229.0,42495.0,95.0,0.0,0.0,0.0,0.001279,0.001,0.001,0.001279,0.0004,0.0004,0.001283,0.001283,0.106529,0.0,0.700664,0.046757,0.008013,0.234018,36.9777,57.7498,26.5,0.000948,0.1,0.000379,0.04,-57.0463,7.427960395329411,7.427960395329411,0.0,0.0,0.0,0.0,0.0,0.0,0.0,0.0,0.0,0.0,0.0,0.0,0.0,0.0,0.0,0.0,0.0,0.0,3.0,5.0,6.47938e-314,21.0,0.1330381136558349,1.5109175141030702,-0.3251509150289795,1.0,0.199903,425.0,0.1451200666466547
58,58.0,115.0,51217.0,17.0,0.0,0.0,0.0,0.006375,0.001,0.001,0.006375,0.0004,0.0004,0.000687,0.000687,0.131418,0.0,0.474072,0.036197,0.013643,0.24902,44.0942,50.6271,26.5,0.001085,0.1,0.000434,0.04,-54.881,13.11251051226488,13.11251051226488,0.0,0.0,0.0,0.0,0.0,0.0,0.0,0.0,0.0,0.0,0.0,0.0,0.0,0.0,0.0,0.0,0.0,0.0,3.0,5.0,0.0,23.5,0.0860290507424543,1.4808446800429629,-0.182551040802524,1.0,0.094694,513.0,0.765405861579642
59,59.0,57.0,42382.0,82.0,0.0,0.0,0.0,0.004208,0.001,0.001,0.004208,0.0004,0.0004,0.001988,0.001988,0.103418,0.0,0.655649,0.037641,0.006003,0.193985,32.3078,38.254,26.5,0.010626,0.1,0.00425,0.04,-58.3094,9.52091079632957,9.52091079632957,0.0,0.0,0.0,0.0,0.0,0.0,0.0,0.0,0.0,0.0,0.0,0.0,0.0,0.0,0.0,0.0,0.0,0.0,3.0,5.0,6.43609e-314,23.0,0.1472252287223521,1.5398161252864535,-0.093438357472583,3.0,0.542593,424.0,0.2727522749431366
60,60.0,215.0,79985.0,85.0,0.0,0.0,0.0,0.005515,0.001,0.001,0.005515,0.0004,0.0004,0.001522,0.001522,0.143312,0.0,0.708161,0.048404,0.010053,0.232016,54.7636,52.0571,26.5,0.010265,0.1,0.004106,0.04,-55.5915,11.045281651180296,11.045281651180296,0.0,0.0,0.0,0.0,0.0,0.0,0.0,0.0,0.0,0.0,0.0,0.0,0.0,0.0,0.0,0.0,0.0,0.0,3.0,5.0,4.28417e-314,24.0,0.2834478688278812,2.8072082229554622,0.6108692930639612,2.0,0.68435,800.0,0.1650289320120719
61,61.0,202.0,615.0,15.0,0.0,0.0,0.0,0.003376,0.001,0.001,0.003376,0.0004,0.0004,0.006433,0.006433,0.114051,0.0,0.800501,0.035516,0.008889,0.176934,38.0371,54.4297,26.5,0.001148,0.1,0.000459,0.04,-57.0966,6.059406861591928,6.059406861591928,0.0,0.0,0.0,0.0,0.0,0.0,0.0,0.0,0.0,0.0,0.0,0.0,0.0,0.0,0.0,0.0,0.0,0.0,3.0,5.0,0.0,20.5,0.1123865477918524,2.212255640060404,-0.3707284509841089,2.0,0.203102,7.0,0.0818125556774359
62,62.0,212.0,62063.0,63.0,0.0,0.0,0.0,0.004785,0.001,0.001,0.004785,0.0004,0.0004,0.005906,0.005906,0.083783,0.0,0.909076,0.022494,0.001273,0.148739,30.1808,29.1558,26.5,0.001019,0.1,0.000407,0.04,-56.528,6.932409984627965,6.932409984627965,0.0,0.0,0.0,0.0,0.0,0.0,0.0,0.0,0.0,0.0,0.0,0.0,0.0,0.0,0.0,0.0,0.0,0.0,3.0,5.0,6.40951e-314,20.5,0.100988636438352,1.291532829213416,0.4635315614324083,2.0,0.283916,621.0,0.0175492678187006
63,63.0,179.0,8905.0,5.0,0.0,0.0,0.0,0.001855,0.001,0.001,0.001855,0.0004,0.0004,0.001575,0.001575,0.15915,0.0,0.754488,0.042257,0.010832,0.207565,36.1099,31.8954,26.5,0.009339,0.1,0.003736,0.04,-58.1384,7.858888949254518,7.858888949254518,0.0,0.0,0.0,0.0,0.0,0.0,0.0,0.0,0.0,0.0,0.0,0.0,0.0,0.0,0.0,0.0,0.0,0.0,3.0,5.0,0.0,22.0,0.093267744787261,1.5697864394359275,-0.2815076898925405,3.0,0.246614,90.0,0.014005852540777
64,64.0,159.0,32184.0,84.0,0.0,0.0,0.0,0.002313,0.001,0.001,0.002313,0.0004,0.0004,0.001461,0.001461,0.171875,0.0,0.723179,0.052309,0.007175,0.148156,62.1396,47.1836,26.5,0.015856,0.1,0.006342,0.04,-57.753,8.67830412114979,8.67830412114979,0.0,0.0,0.0,0.0,0.0,0.0,0.0,0.0,0.0,0.0,0.0,0.0,0.0,0.0,0.0,0.0,0.0,0.0,3.0,5.0,6.44503e-314,20.5,0.1199717598802492,1.216302418346684,0.2043567582201028,1.0,0.167934,322.0,0.0645137563559439
65,65.0,109.0,10311.0,11.0,0.0,0.0,0.0,0.002038,0.001,0.001,0.002038,0.0004,0.0004,0.00747,0.00747,0.119614,0.0,0.828475,0.032487,0.006625,0.214025,40.3795,47.6198,26.5,0.010591,0.1,0.004236,0.04,-59.2775,5.157503254445826,5.157503254445826,0.0,0.0,0.0,0.0,0.0,0.0,0.0,0.0,0.0,0.0,0.0,0.0,0.0,0.0,0.0,0.0,0.0,0.0,3.0,5.0,4.24399e-314,26.5,0.0997858523544003,2.328027200351505,-0.3898264029816032,2.0,0.155561,104.0,0.0380181168833344
66,66.0,182.0,51466.0,66.0,0.0,0.0,0.0,0.003093,0.001,0.001,0.003093,0.0004,0.0004,0.000731,0.000731,0.165029,0.0,0.863668,0.049011,0.008798,0.202113,48.9688,52.1565,26.5,0.001005,0.1,0.000402,0.04,-57.2845,11.45047507103867,11.45047507103867,0.0,0.0,0.0,0.0,0.0,0.0,0.0,0.0,0.0,0.0,0.0,0.0,0.0,0.0,0.0,0.0,0.0,0.0,3.0,5.0,6.40255e-314,30.0,0.0786710821495792,2.1707974960901777,-0.1681167742506623,3.0,0.454384,515.0,0.3487925683416887
67,67.0,22.0,80283.0,83.0,0.0,0.0,0.0,0.004708,0.001,0.001,0.004708,0.0004,0.0004,0.000866,0.000866,0.144083,0.0,0.662309,0.036186,0.005064,0.17455,37.8154,40.3374,26.5,0.001031,0.1,0.000413,0.04,-58.2338,12.055905584842554,12.055905584842554,0.0,0.0,0.0,0.0,0.0,0.0,0.0,0.0,0.0,0.0,0.0,0.0,0.0,0.0,0.0,0.0,0.0,0.0,3.0,5.0,6.44384e-314,28.0,0.0727760269338087,2.9466447277979606,-0.2694938245544296,1.0,0.227216,803.0,0.1386204652642644
68,68.0,244.0,64254.0,54.0,0.0,0.0,0.0,0.006383,0.001,0.001,0.006383,0.0004,0.0004,0.000761,0.000761,0.108543,0.0,0.65622,0.037975,0.005481,0.308398,31.2118,57.0492,26.5,0.000958,0.1,0.000383,0.04,-59.6363,12.938003877341247,12.938003877341247,0.0,0.0,0.0,0.0,0.0,0.0,0.0,0.0,0.0,0.0,0.0,0.0,0.0,0.0,0.0,0.0,0.0,0.0,3.0,5.0,6.44833e-314,29.5,0.0988989242895992,1.7662774145453493,0.0856113277437146,3.0,0.7383299999999999,643.0,1.5489918855033085
69,69.0,60.0,29894.0,94.0,0.0,0.0,0.0,0.003962,0.001,0.001,0.003962,0.0004,0.0004,0.003323,0.003323,0.111137,0.0,0.779131,0.048774,0.005772,0.274654,46.0792,58.8911,26.5,0.000947,0.1,0.000379,0.04,-57.7263,7.8915589063751135,7.8915589063751135,0.0,0.0,0.0,0.0,0.0,0.0,0.0,0.0,0.0,0.0,0.0,0.0,0.0,0.0,0.0,0.0,0.0,0.0,3.0,5.0,6.47643e-314,25.5,0.08470739830517,1.622663993062019,0.1048035812466567,2.0,0.132384,299.0,0.7953408784918385
70,70.0,10.0,54488.0,88.0,0.0,0.0,0.0,0.001178,0.001,0.001,0.001178,0.0004,0.0004,0.008546,0.008546,0.102882,0.0,0.743812,0.031797,0.007895,0.229657,53.4148,53.5411,26.5,0.001144,0.1,0.000458,0.04,-56.444,4.621812979310992,4.621812979310992,0.0,0.0,0.0,0.0,0.0,0.0,0.0,0.0,0.0,0.0,0.0,0.0,0.0,0.0,0.0,0.0,0.0,0.0,3.0,5.0,6.40835e-314,27.0,0.1835760483631612,2.6337356897109894,0.5147396170779089,3.0,0.441096,545.0,0.0852800935050192
71,71.0,230.0,19032.0,32.0,0.0,0.0,0.0,0.005525,0.001,0.001,0.005525,0.0004,0.0004,0.004808,0.004808,0.166878,0.0,1.10455,0.030617,0.009014,0.14535,40.275,86.7534,26.5,0.000607,0.1,0.000243,0.04,-55.9748,7.793611908710346,7.793611908710346,0.0,0.0,0.0,0.0,0.0,0.0,0.0,0.0,0.0,0.0,0.0,0.0,0.0,0.0,0.0,0.0,0.0,0.0,3.0,5.0,4.11e-321,30.0,0.0831276736911682,2.156667791722867,0.078459133085241,3.0,0.32051,191.0,0.0757058316632592
72,72.0,17.0,76823.0,23.0,0.0,0.0,0.0,0.000912,0.001,0.001,0.000912,0.0004,0.0004,0.005606,0.005606,0.126078,0.0,0.5365,0.03487,0.009586,0.217772,26.194,39.7631,26.5,0.000888,0.1,0.000355,0.04,-55.4957,4.723041511585258,4.723041511585258,0.0,0.0,0.0,0.0,0.0,0.0,0.0,0.0,0.0,0.0,0.0,0.0,0.0,0.0,0.0,0.0,0.0,0.0,3.0,5.0,6.4793e-314,27.0,0.166341959871714,2.418301553479031,0.0517373814193381,2.0,0.557281,769.0,0.6829393621507238
73,73.0,132.0,119289.0,89.0,0.0,0.0,0.0,0.001079,0.001,0.001,0.001079,0.0004,0.0004,0.006576,0.006576,0.136636,0.0,0.502742,0.049588,0.006761,0.275949,26.7491,63.6767,26.5,0.001504,0.1,0.000602,0.04,-55.8405,4.7287067854334,4.7287067854334,0.0,0.0,0.0,0.0,0.0,0.0,0.0,0.0,0.0,0.0,0.0,0.0,0.0,0.0,0.0,0.0,0.0,0.0,3.0,5.0,6.44485e-314,32.5,0.2045055192106342,2.689369749618939,0.5370644930032489,2.0,0.555882,1193.0,0.2528287999129441
74,74.0,20.0,18751.0,51.0,0.0,0.0,0.0,0.006472,0.001,0.001,0.006472,0.0004,0.0004,0.004877,0.004877,0.065718,0.0,0.840123,0.019278,0.006189,0.244279,33.9161,13.0703,26.5,0.008409,0.1,0.003364,0.04,-56.5286,8.182256311094982,8.182256311094982,0.0,0.0,0.0,0.0,0.0,0.0,0.0,0.0,0.0,0.0,0.0,0.0,0.0,0.0,0.0,0.0,0.0,0.0,3.0,5.0,4.28012e-314,31.0,0.0733808472696326,1.988699581376193,-0.3642063157096676,3.0,0.2505469999999999,188.0,0.9163608538038144
75,75.0,194.0,99415.0,15.0,0.0,0.0,0.0,0.000983,0.001,0.001,0.000983,0.0004,0.0004,0.001674,0.001674,0.129073,0.0,0.726824,0.045847,0.003711,0.183075,56.2391,66.5151,26.5,0.000885,0.1,0.000354,0.04,-54.7356,6.263265546974474,6.263265546974474,0.0,0.0,0.0,0.0,0.0,0.0,0.0,0.0,0.0,0.0,0.0,0.0,0.0,0.0,0.0,0.0,0.0,0.0,3.0,5.0,0.0,32.0,0.2325673658268328,1.92399400262828,2.23208251074186,2.0,0.356736,995.0,0.2906389407158214
76,76.0,140.0,50749.0,49.0,0.0,0.0,0.0,0.000768,0.001,0.001,0.000768,0.0004,0.0004,0.003056,0.003056,0.146239,0.0,0.396148,0.027222,0.006024,0.213916,50.1423,36.0498,26.5,0.011186,0.1,0.004474,0.04,-59.2791,5.074523067627959,5.074523067627959,0.0,0.0,0.0,0.0,0.0,0.0,0.0,0.0,0.0,0.0,0.0,0.0,0.0,0.0,0.0,0.0,0.0,0.0,3.0,5.0,6.48367e-314,30.5,0.075125769748273,2.430653929119346,-0.2180697552360681,2.0,0.482802,508.0,0.0793453743626088
77,77.0,158.0,9189.0,89.0,0.0,0.0,0.0,0.004664,0.001,0.001,0.004664,0.0004,0.0004,0.001953,0.001953,0.120139,0.0,1.16433,0.024393,0.007597,0.213285,27.5197,63.0301,26.5,0.008083,0.1,0.003233,0.04,-58.9148,9.872543509697078,9.872543509697078,0.0,0.0,0.0,0.0,0.0,0.0,0.0,0.0,0.0,0.0,0.0,0.0,0.0,0.0,0.0,0.0,0.0,0.0,3.0,5.0,6.41057e-314,31.5,0.0651286277666253,2.2394668665972626,-0.3359121239067497,1.0,0.093176,92.0,0.7848984599183965
78,78.0,166.0,51980.0,80.0,0.0,0.0,0.0,0.00714,0.001,0.001,0.00714,0.0004,0.0004,0.003747,0.003747,0.196372,0.0,0.575872,0.013695,0.010534,0.160107,38.4698,37.9965,26.5,0.009513,0.1,0.003805,0.04,-56.9007,9.214133209753772,9.214133209753772,0.0,0.0,0.0,0.0,0.0,0.0,0.0,0.0,0.0,0.0,0.0,0.0,0.0,0.0,0.0,0.0,0.0,0.0,3.0,5.0,6.41562e-314,34.0,0.2193173796987001,2.2896127502346566,0.4425806991778069,1.0,0.244489,520.0,0.7028364787261204
79,79.0,169.0,60348.0,48.0,0.0,0.0,0.0,0.003274,0.001,0.001,0.003274,0.0004,0.0004,0.000894,0.000894,0.084931,0.0,0.753648,0.014166,0.001688,0.22017,47.2069,51.6709,26.5,0.014218,0.1,0.005687,0.04,-57.6811,11.073689294637441,11.073689294637441,0.0,0.0,0.0,0.0,0.0,0.0,0.0,0.0,0.0,0.0,0.0,0.0,0.0,0.0,0.0,0.0,0.0,0.0,3.0,5.0,2.33124e-219,32.5,0.2735698951612403,1.748353529156737,0.6650191494630019,2.0,0.515208,604.0,0.168987641957839
80,80.0,205.0,121032.0,32.0,0.0,0.0,0.0,0.006914,0.001,0.001,0.006914,0.0004,0.0004,0.006302,0.006302,0.120098,0.0,1.22646,0.020249,0.008393,0.208448,45.699,57.0971,26.5,0.000512,0.1,0.000205,0.04,-58.6167,7.672313316626039,7.672313316626039,0.0,0.0,0.0,0.0,0.0,0.0,0.0,0.0,0.0,0.0,0.0,0.0,0.0,0.0,0.0,0.0,0.0,0.0,3.0,5.0,4.11e-321,30.5,0.2213258826437467,2.609907186267648,0.2769782658408919,3.0,1.128434,1211.0,0.2325026466536214
81,81.0,133.0,16929.0,29.0,0.0,0.0,0.0,0.001492,0.001,0.001,0.001492,0.0004,0.0004,0.002283,0.002283,0.150022,0.0,0.826401,0.048194,0.005129,0.206697,42.8819,25.4254,26.5,0.012071,0.1,0.004828,0.04,-58.1414,6.471680187699314,6.471680187699314,0.0,0.0,0.0,0.0,0.0,0.0,0.0,0.0,0.0,0.0,0.0,0.0,0.0,0.0,0.0,0.0,0.0,0.0,3.0,5.0,6.43667e-314,32.0,0.1451101826034929,2.027685076413781,0.1666253883008864,1.0,0.09208,170.0,0.6370641599813553
82,82.0,75.0,93708.0,8.0,0.0,0.0,0.0,0.005649,0.001,0.001,0.005649,0.0004,0.0004,0.002305,0.002305,0.140549,0.0,0.584407,0.024945,0.006876,0.206136,49.0341,44.5112,26.5,0.009152,0.1,0.003661,0.04,-57.4807,9.947666311325083,9.947666311325083,0.0,0.0,0.0,0.0,0.0,0.0,0.0,0.0,0.0,0.0,0.0,0.0,0.0,0.0,0.0,0.0,0.0,0.0,3.0,5.0,0.0,32.0,0.3154373125617935,2.395574695419638,0.8845138966676257,1.0,0.482783,938.0,0.7220315833329639
83,83.0,119.0,88466.0,66.0,0.0,0.0,0.0,0.003048,0.001,0.001,0.003048,0.0004,0.0004,0.003785,0.003785,0.164476,0.0,0.492293,0.063415,0.003637,0.233065,33.9976,32.4784,26.5,0.001662,0.1,0.000665,0.04,-55.2139,6.918620681916863,6.918620681916863,0.0,0.0,0.0,0.0,0.0,0.0,0.0,0.0,0.0,0.0,0.0,0.0,0.0,0.0,0.0,0.0,0.0,0.0,3.0,5.0,6.40561e-314,36.0,0.1802158988136002,3.503872718068504,0.4963085037336134,1.0,0.389319,885.0,0.9300363819758576
84,84.0,200.0,26767.0,67.0,0.0,0.0,0.0,0.001308,0.001,0.001,0.001308,0.0004,0.0004,0.002118,0.002118,0.104015,0.0,0.847852,0.040629,0.002895,0.261319,42.7496,32.2132,26.5,0.015082,0.1,0.006033,0.04,-58.3625,6.359674251824168,6.359674251824168,0.0,0.0,0.0,0.0,0.0,0.0,0.0,0.0,0.0,0.0,0.0,0.0,0.0,0.0,0.0,0.0,0.0,0.0,3.0,5.0,4.26709e-314,37.5,0.1155528889920875,2.1265037623855583,0.0232224620965044,1.0,0.089641,268.0,0.0998714184761933
85,85.0,135.0,124666.0,66.0,0.0,0.0,0.0,0.003788,0.001,0.001,0.003788,0.0004,0.0004,0.001549,0.001549,0.104895,0.0,0.865339,0.022832,0.004763,0.267014,40.1763,74.4453,26.5,0.000634,0.1,0.000253,0.04,-57.4691,9.941378842316933,9.941378842316933,0.0,0.0,0.0,0.0,0.0,0.0,0.0,0.0,0.0,0.0,0.0,0.0,0.0,0.0,0.0,0.0,0.0,0.0,3.0,5.0,6.4742e-314,36.5,0.2500899003365778,2.8717071566649564,1.131318278086877,1.0,0.296571,1247.0,1.342910728805551
86,86.0,107.0,58277.0,77.0,0.0,0.0,0.0,0.001237,0.001,0.001,0.001237,0.0004,0.0004,0.002183,0.002183,0.153907,0.0,0.41488,0.030827,0.005368,0.214774,46.3523,60.8806,26.5,0.000775,0.1,0.00031,0.04,-58.0415,6.196936821713359,6.196936821713359,0.0,0.0,0.0,0.0,0.0,0.0,0.0,0.0,0.0,0.0,0.0,0.0,0.0,0.0,0.0,0.0,0.0,0.0,3.0,5.0,4.24963e-314,36.5,0.1424745550572918,3.0555488648451834,0.1932374549772839,1.0,0.153801,583.0,0.2520979445632178
87,87.0,175.0,118040.0,40.0,0.0,0.0,0.0,0.003035,0.001,0.001,0.003035,0.0004,0.0004,0.001055,0.001055,0.12408,0.0,0.385039,0.01836,0.002122,0.261265,54.5383,61.9532,26.5,0.000953,0.1,0.000381,0.04,-58.0207,10.40760416896413,10.40760416896413,0.0,0.0,0.0,0.0,0.0,0.0,0.0,0.0,0.0,0.0,0.0,0.0,0.0,0.0,0.0,0.0,0.0,0.0,3.0,5.0,6.44043e-314,41.5,0.1824617230482969,3.010667342300574,0.3768542096945579,1.0,0.456195,1181.0,0.8904517805949197
88,88.0,38.0,56721.0,21.0,0.0,0.0,0.0,0.005554,0.001,0.001,0.005554,0.0004,0.0004,0.009897,0.009897,0.121587,0.0,1.11313,0.034328,0.004248,0.261319,41.9075,43.1078,26.5,0.007919,0.1,0.003168,0.04,-57.0352,6.179153229885275,6.179153229885275,0.0,0.0,0.0,0.0,0.0,0.0,0.0,0.0,0.0,0.0,0.0,0.0,0.0,0.0,0.0,0.0,0.0,0.0,3.0,5.0,4.28122e-314,43.0,0.2467094223085079,3.942128612041759,0.3233810937975055,1.0,0.192496,568.0,0.6944170819787014
89,89.0,213.0,95852.0,52.0,0.0,0.0,0.0,0.001996,0.001,0.001,0.001996,0.0004,0.0004,0.006478,0.006478,0.14785,0.0,1.42988,0.011452,0.003936,0.176148,60.2873,48.6699,26.5,0.000417,0.1,0.000167,0.04,-57.8802,5.291600106946405,5.291600106946405,0.0,0.0,0.0,0.0,0.0,0.0,0.0,0.0,0.0,0.0,0.0,0.0,0.0,0.0,0.0,0.0,0.0,0.0,3.0,5.0,6.4145e-314,40.5,0.2238928835907213,3.292203562395338,0.6560812727279477,2.0,0.491775,959.0,0.8738708289591678
90,90.0,101.0,93340.0,40.0,0.0,0.0,0.0,0.000934,0.001,0.001,0.000934,0.0004,0.0004,0.002781,0.002781,0.132056,0.0,1.10826,0.050502,0.006803,0.249866,43.1129,56.1937,26.5,0.007919,0.1,0.003167,0.04,-54.3405,5.3951803785841905,5.3951803785841905,0.0,0.0,0.0,0.0,0.0,0.0,0.0,0.0,0.0,0.0,0.0,0.0,0.0,0.0,0.0,0.0,0.0,0.0,3.0,5.0,6.47465e-314,42.0,0.1244186243464976,2.289007232621262,0.0939736054834549,1.0,0.259688,934.0,0.7623487992561278
91,91.0,43.0,22936.0,36.0,0.0,0.0,0.0,0.008481,0.001,0.001,0.008481,0.0004,0.0004,0.006941,0.006941,0.119885,0.0,0.603754,0.026203,0.003391,0.245675,31.5839,71.6209,26.5,0.004775,0.1,0.00191,0.04,-56.1499,7.95727485584629,7.95727485584629,0.0,0.0,0.0,0.0,0.0,0.0,0.0,0.0,0.0,0.0,0.0,0.0,0.0,0.0,0.0,0.0,0.0,0.0,3.0,5.0,6.41236e-314,42.5,0.1352538554336306,2.8250276579076496,-0.2892408794346428,1.0,0.080172,230.0,0.9321730053842482
92,92.0,51.0,84443.0,43.0,0.0,0.0,0.0,0.002897,0.001,0.001,0.002897,0.0004,0.0004,0.00523,0.00523,0.146287,0.0,0.948789,0.036398,0.005208,0.241011,34.7926,57.9092,26.5,0.000996,0.1,0.000398,0.04,-57.7058,6.155464683064901,6.155464683064901,0.0,0.0,0.0,0.0,0.0,0.0,0.0,0.0,0.0,0.0,0.0,0.0,0.0,0.0,0.0,0.0,0.0,0.0,3.0,5.0,0.0,41.0,0.1565516012927089,3.249761223070533,-0.1124867599532217,1.0,0.322937,845.0,0.2393839104525806
93,93.0,90.0,26557.0,57.0,0.0,0.0,0.0,0.0034,0.001,0.001,0.0034,0.0004,0.0004,0.001885,0.001885,0.136304,0.0,0.964616,0.03144,0.004968,0.269923,35.8184,61.2872,26.5,0.00973,0.1,0.003892,0.04,-59.5553,9.054378513134981,9.054378513134981,0.0,0.0,0.0,0.0,0.0,0.0,0.0,0.0,0.0,0.0,0.0,0.0,0.0,0.0,0.0,0.0,0.0,0.0,3.0,5.0,4.28043e-314,45.5,0.0764520898172316,2.5839193155513924,-0.0550796307158637,1.0,0.080251,266.0,2.47751886016822
94,94.0,63.0,17983.0,83.0,0.0,0.0,0.0,0.006413,0.001,0.001,0.006413,0.0004,0.0004,0.001675,0.001675,0.12336,0.0,0.860698,0.043287,0.001174,0.28791,48.3043,63.4246,26.5,0.010066,0.1,0.004027,0.04,-58.055,11.191625541618043,11.191625541618043,0.0,0.0,0.0,0.0,0.0,0.0,0.0,0.0,0.0,0.0,0.0,0.0,0.0,0.0,0.0,0.0,0.0,0.0,3.0,5.0,6.44374e-314,48.0,0.0492446627102561,3.119335346688698,-0.2389359659453004,3.0,0.254415,180.0,0.8453021398548196
95,95.0,238.0,26520.0,20.0,0.0,0.0,0.0,0.001084,0.001,0.001,0.001084,0.0004,0.0004,0.003026,0.003026,0.138024,0.0,0.636181,0.024759,0.003806,0.300513,47.771,32.9172,26.5,0.009869,0.1,0.003948,0.04,-58.2612,5.477625269490542,5.477625269490542,0.0,0.0,0.0,0.0,0.0,0.0,0.0,0.0,0.0,0.0,0.0,0.0,0.0,0.0,0.0,0.0,0.0,0.0,3.0,5.0,6.47098e-314,53.5,0.0689942432579516,3.18614377365514,-0.113292180104619,1.0,0.053291,266.0,10.302219548349134
96,96.0,243.0,62649.0,49.0,0.0,0.0,0.0,0.00261,0.001,0.001,0.00261,0.0004,0.0004,0.000934,0.000934,0.18772,0.0,0.790499,0.027088,0.009039,0.237393,60.3368,63.8473,26.5,0.001711,0.1,0.000684,0.04,-55.3432,10.32506718976319,10.32506718976319,0.0,0.0,0.0,0.0,0.0,0.0,0.0,0.0,0.0,0.0,0.0,0.0,0.0,0.0,0.0,0.0,0.0,0.0,3.0,5.0,6.41506e-314,51.0,0.0962337273531502,3.3291393346230715,-0.0690350466010926,3.0,0.55748,627.0,0.7522040556258769
97,97.0,103.0,59288.0,88.0,0.0,0.0,0.0,0.001013,0.001,0.001,0.001013,0.0004,0.0004,0.000369,0.000369,0.153837,0.0,0.792337,0.03906,0.001713,0.261304,48.1723,38.9807,26.5,0.000832,0.1,0.000333,0.04,-56.4593,10.274410319660687,10.274410319660687,0.0,0.0,0.0,0.0,0.0,0.0,0.0,0.0,0.0,0.0,0.0,0.0,0.0,0.0,0.0,0.0,0.0,0.0,3.0,5.0,6.4722e-314,56.0,0.0569602269311784,3.7518484206960734,-0.1031413131766401,2.0,0.415612,593.0,6.14310629514372
98,98.0,214.0,88464.0,64.0,0.0,0.0,0.0,0.002213,0.001,0.001,0.002213,0.0004,0.0004,0.002352,0.002352,0.092801,0.0,0.752844,0.047607,0.012124,0.143029,36.3532,51.4186,26.5,0.000541,0.1,0.000216,0.04,-56.3391,7.285087429505209,7.285087429505209,0.0,0.0,0.0,0.0,0.0,0.0,0.0,0.0,0.0,0.0,0.0,0.0,0.0,0.0,0.0,0.0,0.0,0.0,3.0,5.0,3.14384e-319,5.0,0.1980513761816469,-0.4387789792136601,0.6224500282030175,2.0,0.573553,885.0,0.0033797592753633
99,99.0,161.0,48844.0,44.0,0.0,0.0,0.0,0.008717,0.001,0.001,0.008717,0.0004,0.0004,0.002409,0.002409,0.123167,0.0,0.813395,0.04606,0.010708,0.239144,36.3017,51.0969,26.5,0.001124,0.1,0.00045,0.04,-56.0625,11.041574027940582,11.041574027940582,0.0,0.0,0.0,0.0,0.0,0.0,0.0,0.0,0.0,0.0,0.0,0.0,0.0,0.0,0.0,0.0,0.0,0.0,3.0,5.0,0.0,15.0,0.2720563388494896,1.746455933671681,0.8068734525406234,2.0,0.360717,489.0,0.0560098807242176
