,Unnamed: 0.1,Unnamed: 0,gTON_STN_MEAN_nS_pF,gTON_STN_SIGMA,gTON_STN_THETA,gTON_CL_S_MEAN_nS_pF,gTON_CL_S_SIGMA,gTON_CL_S_THETA,gTON_CL_D_MEAN_nS_pF,gTON_CL_D_SIGMA,gTON_CL_D_THETA,gKCC2_S_nS_pF,gKCC2_D_nS_pF,gTRPC3_nS_pF,gHCN_nS_pF,gCA_nS_pF,gL_nS_pF,gSK_nS_pF,gNAP_nS_pF,gNAF_nS_pF,gKDR_nS_pF,gSD_nS,soma_noise_intensity,soma_noise_intensity_theta,dend_noise_intensity,dend_noise_intensity_theta,Eleak_mV,CL_in_S,CL_in_D,Iapp,Iapp_dend,gpe_stim,gpe_stim_freqs,gpe_poisson,W_gpe,gpe_start_time,gpe_base_length,gpe_stim_length,gpe_post_length,str_stim,str_stim_freqs,str_poisson,W_str,str_start_time,str_base_length,str_stim_length,str_post_length,tausyn,tauexc,tausyn_dend,pre_exp_fr,pre_exp_cv,pre_exp_fr_zscore,pre_exp_cv_zscore,connections,total_weight,sim,rel_error
210,118476,76,0.0,0.0,0.0,0.006154,0.001,0.001,0.006154,0.0004,0.0004,0.000858,0.000858,0.057962,0.0,0.675808,0.043778,0.00805,0.169077,19.2961,52.2104,26.5,0.001062,0.1,0.000425,0.04,-56.3618,12.6437,12.6437,0.0,0.0,0.0,0.0,0.0,0.0,0.0,0.0,0.0,0.0,0.0,0.0,0.0,0.0,0.0,0.0,0.0,0.0,3.0,5.0,6.40663e-314,4.5,0.3945991857359928,-0.5907453937081006,1.016948331832718,2.0,0.924156,1185,0.0424577275202442
224,124005,5,0.0,0.0,0.0,0.002957,0.001,0.001,0.002957,0.0004,0.0004,0.003257,0.003257,0.113634,0.0,0.546054,0.049139,0.009404,0.197402,39.4139,30.6725,26.5,0.001448,0.1,0.000579,0.04,-57.8008,7.19845,7.19845,0.0,0.0,0.0,0.0,0.0,0.0,0.0,0.0,0.0,0.0,0.0,0.0,0.0,0.0,0.0,0.0,0.0,0.0,3.0,5.0,0.0,4.0,0.391251457272221,-0.5207775555713372,1.3999410852843266,3.0,1.5485,1241,0.0353312884318853
197,58161,61,0.0,0.0,0.0,0.003167,0.001,0.001,0.003167,0.0004,0.0004,0.005368,0.005368,0.102077,0.0,0.656789,0.037469,0.005557,0.235087,18.626,55.3847,26.5,0.011251,0.1,0.0045,0.04,-59.3461,6.27207,6.27207,0.0,0.0,0.0,0.0,0.0,0.0,0.0,0.0,0.0,0.0,0.0,0.0,0.0,0.0,0.0,0.0,0.0,0.0,3.0,5.0,4.25287e-314,3.5,0.2052738035614249,-0.6658263976270694,0.3880631632932877,2.0,0.401877,582,0.0070577079726187
160,14010,10,0.0,0.0,0.0,0.004753,0.001,0.001,0.004753,0.0004,0.0004,0.004302,0.004302,0.116018,0.0,0.834204,0.049134,0.010386,0.16971,38.325,35.7532,26.5,0.001353,0.1,0.000541,0.04,-57.6004,7.69038,7.69038,0.0,0.0,0.0,0.0,0.0,0.0,0.0,0.0,0.0,0.0,0.0,0.0,0.0,0.0,0.0,0.0,0.0,0.0,3.0,5.0,1e-323,4.5,0.3642236488056772,-0.5378697235056932,1.0770731141627266,2.0,0.197436,141,0.0080457733911297
143,26802,2,0.0,0.0,0.0,0.002802,0.001,0.001,0.002802,0.0004,0.0004,0.001786,0.001786,0.075992,0.0,0.770625,0.032538,0.002688,0.036901,49.5213,18.1453,26.5,0.000642,0.1,0.000257,0.04,-58.0617,8.65278,8.65278,0.0,0.0,0.0,0.0,0.0,0.0,0.0,0.0,0.0,0.0,0.0,0.0,0.0,0.0,0.0,0.0,0.0,0.0,3.0,5.0,0.0,3.5,0.0490699664132461,-0.552204380981023,-0.1208969605402268,2.0,0.123404,269,0.1016783237457326
150,78859,59,0.0,0.0,0.0,0.006257,0.001,0.001,0.006257,0.0004,0.0004,0.002945,0.002945,0.09451,0.0,0.533496,0.03053,0.007169,0.115043,12.8204,60.4706,26.5,0.001096,0.1,0.000438,0.04,-55.5179,9.53244,9.53244,0.0,0.0,0.0,0.0,0.0,0.0,0.0,0.0,0.0,0.0,0.0,0.0,0.0,0.0,0.0,0.0,0.0,0.0,3.0,5.0,6.48281e-314,3.0,0.3560571026154536,-0.90280820983851,1.1003922868336986,2.0,0.651833,789,0.0776641284698416
121,65356,56,0.0,0.0,0.0,0.002711,0.001,0.001,0.002711,0.0004,0.0004,0.004581,0.004581,0.111747,0.0,0.756412,0.058242,0.01307,0.270877,9.96719,61.3923,26.5,0.010926,0.1,0.00437,0.04,-57.0407,6.27839,6.27839,0.0,0.0,0.0,0.0,0.0,0.0,0.0,0.0,0.0,0.0,0.0,0.0,0.0,0.0,0.0,0.0,0.0,0.0,3.0,5.0,6.48277e-314,4.5,0.1593299063170794,-0.4695223115846195,0.2390209922799568,1.0,0.293047,654,0.0452890652481088
96,92307,7,0.0,0.0,0.0,0.002513,0.001,0.001,0.002513,0.0004,0.0004,0.003514,0.003514,0.076186,0.0,1.06154,0.035062,0.008455,0.128097,39.7854,27.1872,26.5,0.004823,0.1,0.001929,0.04,-57.8084,6.6577,6.6577,0.0,0.0,0.0,0.0,0.0,0.0,0.0,0.0,0.0,0.0,0.0,0.0,0.0,0.0,0.0,0.0,0.0,0.0,3.0,5.0,0.0,4.0,0.1035066399256608,-0.3414357566149363,0.021572847003538,1.0,0.236075,924,0.0152651620365879
108,40340,40,0.0,0.0,0.0,0.00456,0.001,0.001,0.00456,0.0004,0.0004,0.004858,0.004858,0.097175,0.0,0.670463,0.05095,0.009722,0.164694,36.7917,51.0825,26.5,0.010623,0.1,0.004249,0.04,-58.5843,7.27922,7.27922,0.0,0.0,0.0,0.0,0.0,0.0,0.0,0.0,0.0,0.0,0.0,0.0,0.0,0.0,0.0,0.0,0.0,0.0,3.0,5.0,6.47676e-314,4.0,0.1255235477773912,-0.9693743240202708,-0.4991599899044349,3.0,0.678953,404,0.0031166807798857
4,42576,76,0.0,0.0,0.0,0.003887,0.001,0.001,0.003887,0.0004,0.0004,0.001201,0.001201,0.092746,0.0,0.802716,0.044062,0.011172,0.182944,42.4625,45.1494,26.5,0.013185,0.1,0.005274,0.04,-56.087,10.7382,10.7382,0.0,0.0,0.0,0.0,0.0,0.0,0.0,0.0,0.0,0.0,0.0,0.0,0.0,0.0,0.0,0.0,0.0,0.0,3.0,5.0,6.40656e-314,7.5,0.1902193762120013,-0.1463769790848904,0.0559051967386331,1.0,0.265111,426,0.0385744064190657
45,14965,65,0.0,0.0,0.0,0.002688,0.001,0.001,0.002688,0.0004,0.0004,0.006583,0.006583,0.115079,0.0,0.581415,0.050626,0.010004,0.181358,35.4941,44.8527,26.5,0.011211,0.1,0.004485,0.04,-58.9538,5.65829,5.65829,0.0,0.0,0.0,0.0,0.0,0.0,0.0,0.0,0.0,0.0,0.0,0.0,0.0,0.0,0.0,0.0,0.0,0.0,3.0,5.0,6.40597e-314,7.5,0.1825167668614295,-0.1055090214204873,0.1926688235356071,1.0,0.079759,150,0.0023569674724055
242,101264,64,0.0,0.0,0.0,0.002691,0.001,0.001,0.002691,0.0004,0.0004,0.000959,0.000959,0.098683,0.0,0.710446,0.042193,0.009053,0.158258,31.4235,53.4951,26.5,0.00107,0.1,0.000428,0.04,-58.816,10.3362,10.3362,0.0,0.0,0.0,0.0,0.0,0.0,0.0,0.0,0.0,0.0,0.0,0.0,0.0,0.0,0.0,0.0,0.0,0.0,3.0,5.0,3.14384e-319,6.5,0.1179341149823996,-0.7103791575335612,-0.3601692531625181,1.0,0.354322,1013,0.0036510233765261
82,102829,29,0.0,0.0,0.0,0.004488,0.001,0.001,0.004488,0.0004,0.0004,0.001561,0.001561,0.083728,0.0,0.74875,0.038174,0.008076,0.20181,44.032,46.6504,26.5,0.000967,0.1,0.000387,0.04,-57.1775,10.4061,10.4061,0.0,0.0,0.0,0.0,0.0,0.0,0.0,0.0,0.0,0.0,0.0,0.0,0.0,0.0,0.0,0.0,0.0,0.0,3.0,5.0,6.4009e-314,8.5,0.3493440392379997,0.0012781716040662,1.123857853601901,3.0,1.211377,1029,0.0070973463348527
241,88926,26,0.0,0.0,0.0,0.000933,0.001,0.001,0.000933,0.0004,0.0004,0.004022,0.004022,0.063839,0.0,0.470485,0.027191,0.009969,0.186572,47.0454,20.4499,26.5,0.009532,0.1,0.003813,0.04,-58.4085,4.99871,4.99871,0.0,0.0,0.0,0.0,0.0,0.0,0.0,0.0,0.0,0.0,0.0,0.0,0.0,0.0,0.0,0.0,0.0,0.0,3.0,5.0,4.11e-321,5.5,0.4658087204834373,-0.4470508676769117,1.5797431871171563,2.0,0.538683,890,0.0012526008217884
227,60156,56,0.0,0.0,0.0,0.000605,0.001,0.001,0.000605,0.0004,0.0004,0.00242,0.00242,0.150961,0.0,0.570899,0.041789,0.009499,0.079895,50.0191,38.9132,26.5,0.007745,0.1,0.003098,0.04,-59.3904,5.069,5.069,0.0,0.0,0.0,0.0,0.0,0.0,0.0,0.0,0.0,0.0,0.0,0.0,0.0,0.0,0.0,0.0,0.0,0.0,3.0,5.0,6.41221e-314,7.5,0.5112738888052302,-0.1979918135255788,1.986303113612099,0.0,0.0,602,0.0112690673663411
151,75615,15,0.0,0.0,0.0,0.001081,0.001,0.001,0.001081,0.0004,0.0004,0.000816,0.000816,0.122829,0.0,0.51575,0.049081,0.008338,0.211983,43.2186,56.8005,26.5,0.001171,0.1,0.000469,0.04,-56.6847,8.17936,8.17936,0.0,0.0,0.0,0.0,0.0,0.0,0.0,0.0,0.0,0.0,0.0,0.0,0.0,0.0,0.0,0.0,0.0,0.0,3.0,5.0,0.0,9.0,0.3725361130790491,-0.1477942860075781,0.9943932815425996,3.0,0.872954,757,0.0084398847678001
139,79571,71,0.0,0.0,0.0,0.001757,0.001,0.001,0.001757,0.0004,0.0004,0.003559,0.003559,0.099648,0.0,0.629857,0.037472,0.01047,0.148956,38.546,47.5841,26.5,0.011528,0.1,0.004611,0.04,-56.0686,5.95489,5.95489,0.0,0.0,0.0,0.0,0.0,0.0,0.0,0.0,0.0,0.0,0.0,0.0,0.0,0.0,0.0,0.0,0.0,0.0,3.0,5.0,4.24751e-314,9.5,0.1453491971958857,0.0850403240103491,-0.1940842271680165,1.0,0.421595,796,0.0389541053227404
176,108040,40,0.0,0.0,0.0,0.001079,0.001,0.001,0.001079,0.0004,0.0004,0.006576,0.006576,0.104543,0.0,0.755549,0.039465,0.008574,0.162913,31.783,49.2205,26.5,0.00079,0.1,0.000316,0.04,-57.9872,4.72897,4.72897,0.0,0.0,0.0,0.0,0.0,0.0,0.0,0.0,0.0,0.0,0.0,0.0,0.0,0.0,0.0,0.0,0.0,0.0,3.0,5.0,6.44623e-314,6.5,0.3800633578955626,-0.6332117167401804,1.1360372301741355,2.0,0.8522890000000001,1081,0.0106280634382625
124,42958,58,0.0,0.0,0.0,0.004531,0.001,0.001,0.004531,0.0004,0.0004,0.000982,0.000982,0.115264,0.0,0.632023,0.04212,0.011547,0.19355,45.0356,61.4658,26.5,0.012124,0.1,0.00485,0.04,-58.1517,11.6667,11.6667,0.0,0.0,0.0,0.0,0.0,0.0,0.0,0.0,0.0,0.0,0.0,0.0,0.0,0.0,0.0,0.0,0.0,0.0,3.0,5.0,6.43773e-314,10.5,0.1596730263730537,0.099534520358688,-0.2708834292170876,1.0,0.206036,430,0.0899882897201118
76,34591,91,0.0,0.0,0.0,0.004916,0.001,0.001,0.004916,0.0004,0.0004,0.000959,0.000959,0.102552,0.0,0.814171,0.035675,0.008939,0.16557,34.0964,43.6397,26.5,0.010196,0.1,0.004078,0.04,-56.09,11.9206,11.9206,0.0,0.0,0.0,0.0,0.0,0.0,0.0,0.0,0.0,0.0,0.0,0.0,0.0,0.0,0.0,0.0,0.0,0.0,3.0,5.0,4.24726e-314,15.0,0.1958913195968947,1.104092728703738,-0.2986610040864502,2.0,0.38007,346,0.039987468953693
53,48753,53,0.0,0.0,0.0,0.003774,0.001,0.001,0.003774,0.0004,0.0004,0.006069,0.006069,0.111264,0.0,0.852243,0.040624,0.009713,0.200049,35.7295,56.1758,26.5,0.012611,0.1,0.005044,0.04,-56.438,6.37312,6.37312,0.0,0.0,0.0,0.0,0.0,0.0,0.0,0.0,0.0,0.0,0.0,0.0,0.0,0.0,0.0,0.0,0.0,0.0,3.0,5.0,4.27795e-314,13.5,0.2462504730532058,0.9941600150440252,0.7465597095503389,1.0,0.233031,488,0.1349094102179775
181,4182,82,0.0,0.0,0.0,0.002871,0.001,0.001,0.002871,0.0004,0.0004,0.003891,0.003891,0.088918,0.0,0.70937,0.037866,0.008004,0.191805,39.1543,56.2533,26.5,0.01138,0.1,0.004552,0.04,-57.9234,6.72497,6.72497,0.0,0.0,0.0,0.0,0.0,0.0,0.0,0.0,0.0,0.0,0.0,0.0,0.0,0.0,0.0,0.0,0.0,0.0,3.0,5.0,6.47758e-314,10.5,0.176292471497847,0.5799926735248576,-0.2080246074023296,1.0,0.102979,42,0.0207079786065759
19,67556,56,0.0,0.0,0.0,0.002009,0.001,0.001,0.002009,0.0004,0.0004,0.000913,0.000913,0.103592,0.0,0.691397,0.041841,0.008975,0.206192,36.9079,49.2118,26.5,0.010457,0.1,0.004183,0.04,-56.9206,9.63416,9.63416,0.0,0.0,0.0,0.0,0.0,0.0,0.0,0.0,0.0,0.0,0.0,0.0,0.0,0.0,0.0,0.0,0.0,0.0,3.0,5.0,6.41357e-314,12.0,0.3281578630577714,0.5546527958265636,0.8808266918053418,2.0,0.6234299999999999,676,0.0102580306997993
154,78338,38,0.0,0.0,0.0,0.000829,0.001,0.001,0.000829,0.0004,0.0004,0.003182,0.003182,0.125749,0.0,0.940776,0.048429,0.010012,0.17853,37.8195,45.6847,26.5,0.010519,0.1,0.004208,0.04,-58.1594,5.11009,5.11009,0.0,0.0,0.0,0.0,0.0,0.0,0.0,0.0,0.0,0.0,0.0,0.0,0.0,0.0,0.0,0.0,0.0,0.0,3.0,5.0,4.28057e-314,12.5,0.0584414759591098,0.4138199439413568,-0.9554411060123882,0.0,0.0,784,0.1349879172091372
2,12384,84,0.0,0.0,0.0,0.001735,0.001,0.001,0.001735,0.0004,0.0004,0.003929,0.003929,0.116514,0.0,0.698501,0.048105,0.008109,0.238944,25.874,57.6584,26.5,0.010825,0.1,0.00433,0.04,-59.927,5.77543,5.77543,0.0,0.0,0.0,0.0,0.0,0.0,0.0,0.0,0.0,0.0,0.0,0.0,0.0,0.0,0.0,0.0,0.0,0.0,3.0,5.0,6.40149e-314,13.5,0.0545474556878352,0.5997540761982842,-0.5429660268063401,0.0,0.0,124,0.0023981011602142
117,43588,88,0.0,0.0,0.0,0.001855,0.001,0.001,0.001855,0.0004,0.0004,0.001575,0.001575,0.107309,0.0,0.713701,0.031538,0.009261,0.168477,38.2209,67.9345,26.5,0.010169,0.1,0.004068,0.04,-58.4093,7.85995,7.85995,0.0,0.0,0.0,0.0,0.0,0.0,0.0,0.0,0.0,0.0,0.0,0.0,0.0,0.0,0.0,0.0,0.0,0.0,3.0,5.0,6.47618e-314,12.5,0.2725913473417835,0.4052866646416463,0.5846549612211338,3.0,0.484799,436,0.0081467649532005
152,98897,97,0.0,0.0,0.0,0.002908,0.001,0.001,0.002908,0.0004,0.0004,0.00974,0.00974,0.115121,0.0,0.282753,0.036331,0.014238,0.23287,37.2503,67.3875,26.5,0.000615,0.1,0.000246,0.04,-59.4996,5.25547,5.25547,0.0,0.0,0.0,0.0,0.0,0.0,0.0,0.0,0.0,0.0,0.0,0.0,0.0,0.0,0.0,0.0,0.0,0.0,3.0,5.0,4.26732e-314,13.0,0.178275331627504,0.4441229733672129,0.2186427604533575,1.0,0.182454,989,0.089942439312488
161,48844,44,0.0,0.0,0.0,0.005219,0.001,0.001,0.005219,0.0004,0.0004,0.005498,0.005498,0.123167,0.0,0.813395,0.04606,0.010708,0.239144,36.3017,51.0969,26.5,0.001124,0.1,0.00045,0.04,-56.0625,7.30686,7.30686,0.0,0.0,0.0,0.0,0.0,0.0,0.0,0.0,0.0,0.0,0.0,0.0,0.0,0.0,0.0,0.0,0.0,0.0,3.0,5.0,0.0,15.0,0.2720563388494896,1.746455933671681,0.8068734525406234,2.0,0.360717,489,0.0560098807242176
104,96522,22,0.0,0.0,0.0,0.003962,0.001,0.001,0.003962,0.0004,0.0004,0.003323,0.003323,0.079688,0.0,0.629946,0.032113,0.007646,0.234046,23.5162,49.9998,26.5,0.008949,0.1,0.00358,0.04,-58.5561,7.89172,7.89172,0.0,0.0,0.0,0.0,0.0,0.0,0.0,0.0,0.0,0.0,0.0,0.0,0.0,0.0,0.0,0.0,0.0,0.0,3.0,5.0,6.40996e-314,12.5,0.0615821000056311,0.2432025478893513,-0.4096663836148629,2.0,0.794764,966,0.0043308314312584
178,94194,94,0.0,0.0,0.0,0.002673,0.001,0.001,0.002673,0.0004,0.0004,0.000439,0.000439,0.071439,0.0,0.37301,0.048852,0.007901,0.222205,53.9703,40.6479,26.5,0.009342,0.1,0.003737,0.04,-55.5352,12.3087,12.3087,0.0,0.0,0.0,0.0,0.0,0.0,0.0,0.0,0.0,0.0,0.0,0.0,0.0,0.0,0.0,0.0,0.0,0.0,3.0,5.0,6.43749e-314,15.0,0.2114224202764801,0.3120005639979782,0.4149010145629286,5.0,1.5838800000000002,942,0.0105635858949293
123,9658,58,0.0,0.0,0.0,0.001237,0.001,0.001,0.001237,0.0004,0.0004,0.002183,0.002183,0.116151,0.0,0.749028,0.020997,0.008858,0.191377,25.8911,44.1843,26.5,0.000824,0.1,0.000329,0.04,-59.893,6.19718,6.19718,0.0,0.0,0.0,0.0,0.0,0.0,0.0,0.0,0.0,0.0,0.0,0.0,0.0,0.0,0.0,0.0,0.0,0.0,3.0,5.0,6.4364e-314,17.5,0.2198588038141154,1.1507983509986923,0.1245045393917624,3.0,0.236863,97,0.0175716251216128
66,94494,94,0.0,0.0,0.0,0.006413,0.001,0.001,0.006413,0.0004,0.0004,0.001675,0.001675,0.127949,0.0,0.456384,0.028336,0.011368,0.236229,26.1818,19.6531,26.5,0.000863,0.1,0.000345,0.04,-58.023,11.1918,11.1918,0.0,0.0,0.0,0.0,0.0,0.0,0.0,0.0,0.0,0.0,0.0,0.0,0.0,0.0,0.0,0.0,0.0,0.0,3.0,5.0,6.40524e-314,17.5,0.5120054703775305,0.852356115540853,2.115766709662286,2.0,0.6438090000000001,945,0.0674162635089778
106,99932,32,0.0,0.0,0.0,0.003219,0.001,0.001,0.003219,0.0004,0.0004,0.012801,0.012801,0.093152,0.0,0.986125,0.034571,0.007958,0.163289,66.2249,46.8559,26.5,0.012559,0.1,0.005023,0.04,-56.2852,5.07524,5.07524,0.0,0.0,0.0,0.0,0.0,0.0,0.0,0.0,0.0,0.0,0.0,0.0,0.0,0.0,0.0,0.0,0.0,0.0,3.0,5.0,4.11e-321,15.5,0.0667752753141813,0.5552429848276906,-0.4034642824436762,2.0,0.342194,1000,0.5631404994654995
168,22510,10,0.0,0.0,0.0,0.006059,0.001,0.001,0.006059,0.0004,0.0004,0.00376,0.00376,0.117755,0.0,0.784945,0.047659,0.004951,0.221608,42.3168,77.2786,26.5,0.012066,0.1,0.004827,0.04,-59.6367,8.72912,8.72912,0.0,0.0,0.0,0.0,0.0,0.0,0.0,0.0,0.0,0.0,0.0,0.0,0.0,0.0,0.0,0.0,0.0,0.0,3.0,5.0,1e-323,18.0,0.186832725330805,1.08509837977487,0.3470558812825028,3.0,0.276453,226,0.0102339257310967
217,11296,96,0.0,0.0,0.0,0.003047,0.001,0.001,0.003047,0.0004,0.0004,0.003713,0.003713,0.110632,0.0,0.659977,0.034486,0.008537,0.215517,46.5294,39.4621,26.5,0.00098,0.1,0.000392,0.04,-58.6915,6.96103,6.96103,0.0,0.0,0.0,0.0,0.0,0.0,0.0,0.0,0.0,0.0,0.0,0.0,0.0,0.0,0.0,0.0,0.0,0.0,3.0,5.0,6.48285e-314,19.0,0.0932214976623693,1.4044663279989216,-0.2274993541023834,1.0,0.058558,113,0.0307116945273505
187,42285,85,0.0,0.0,0.0,0.002249,0.001,0.001,0.002249,0.0004,0.0004,0.000865,0.000865,0.120409,0.0,0.550586,0.035168,0.010013,0.195592,34.2645,50.3608,26.5,0.000913,0.1,0.000365,0.04,-57.9142,10.1201,10.1201,0.0,0.0,0.0,0.0,0.0,0.0,0.0,0.0,0.0,0.0,0.0,0.0,0.0,0.0,0.0,0.0,0.0,0.0,3.0,5.0,4.25115e-314,17.0,0.2285255985251476,0.8978675561750065,0.1419893549225316,2.0,0.485426,423,0.0101258717963971
190,44100,0,0.0,0.0,0.0,0.005188,0.001,0.001,0.005188,0.0004,0.0004,0.002276,0.002276,0.129261,0.0,0.566293,0.051587,0.007175,0.221182,34.3363,58.2285,26.5,0.011888,0.1,0.004755,0.04,-56.8218,9.73712,9.73712,0.0,0.0,0.0,0.0,0.0,0.0,0.0,0.0,0.0,0.0,0.0,0.0,0.0,0.0,0.0,0.0,0.0,0.0,3.0,5.0,6.46758e-314,18.0,0.1390749749688081,1.38398715790221,-0.4544725203008993,1.0,0.210109,442,0.098451872204086
239,54171,71,0.0,0.0,0.0,0.000768,0.001,0.001,0.000768,0.0004,0.0004,0.003056,0.003056,0.086703,0.0,0.757437,0.047023,0.008423,0.238566,37.1965,43.9126,26.5,0.003886,0.1,0.001554,0.04,-55.2576,5.07459,5.07459,0.0,0.0,0.0,0.0,0.0,0.0,0.0,0.0,0.0,0.0,0.0,0.0,0.0,0.0,0.0,0.0,0.0,0.0,3.0,5.0,4.25013e-314,17.0,0.2551930429600363,0.6842125529378563,0.3845225225913471,1.0,0.247097,542,0.0096527334420856
118,49621,21,0.0,0.0,0.0,0.00331,0.001,0.001,0.00331,0.0004,0.0004,0.007954,0.007954,0.099143,0.0,0.695115,0.049325,0.006956,0.192648,44.4965,72.4737,26.5,0.001237,0.1,0.000495,0.04,-56.0822,5.68608,5.68608,0.0,0.0,0.0,0.0,0.0,0.0,0.0,0.0,0.0,0.0,0.0,0.0,0.0,0.0,0.0,0.0,0.0,0.0,3.0,5.0,4.24508e-314,15.5,0.2193766124787931,1.3176124382734118,0.2980234214033905,1.0,0.186661,497,0.0223157449931729
171,20647,47,0.0,0.0,0.0,0.003592,0.001,0.001,0.003592,0.0004,0.0004,0.005783,0.005783,0.10492,0.0,0.719629,0.027924,0.007195,0.230775,32.3816,56.2013,26.5,0.001066,0.1,0.000426,0.04,-59.8866,6.37115,6.37115,0.0,0.0,0.0,0.0,0.0,0.0,0.0,0.0,0.0,0.0,0.0,0.0,0.0,0.0,0.0,0.0,0.0,0.0,3.0,5.0,4.26923e-314,19.0,0.1919142684581168,1.1211841945089875,0.19105343997319,2.0,0.18756,207,0.1174900469677548
131,16262,62,0.0,0.0,0.0,0.003615,0.001,0.001,0.003615,0.0004,0.0004,0.004365,0.004365,0.129576,0.0,0.524557,0.039445,0.00746,0.180893,39.5662,58.3178,26.5,0.00145,0.1,0.00058,0.04,-59.2568,6.98253,6.98253,0.0,0.0,0.0,0.0,0.0,0.0,0.0,0.0,0.0,0.0,0.0,0.0,0.0,0.0,0.0,0.0,0.0,0.0,3.0,5.0,0.0,18.5,0.1166896498719792,1.3687815557299334,-0.1260427033785496,2.0,0.271155,163,0.3466776054350446
206,58260,60,0.0,0.0,0.0,0.004697,0.001,0.001,0.004697,0.0004,0.0004,0.006574,0.006574,0.12362,0.0,0.921642,0.041992,0.007785,0.293393,36.3046,57.8571,26.5,0.001228,0.1,0.000491,0.04,-59.0385,6.65623,6.65623,0.0,0.0,0.0,0.0,0.0,0.0,0.0,0.0,0.0,0.0,0.0,0.0,0.0,0.0,0.0,0.0,0.0,0.0,3.0,5.0,6.40971e-314,19.5,0.2025370985146373,1.177929826263289,0.6463026873665224,3.0,0.398584,583,0.1074759191452586
37,120711,11,0.0,0.0,0.0,0.003782,0.001,0.001,0.003782,0.0004,0.0004,0.001723,0.001723,0.144277,0.0,0.670741,0.048581,0.007305,0.192516,35.7342,40.9666,26.5,0.012943,0.1,0.005177,0.04,-58.1817,9.62701,9.62701,0.0,0.0,0.0,0.0,0.0,0.0,0.0,0.0,0.0,0.0,0.0,0.0,0.0,0.0,0.0,0.0,0.0,0.0,3.0,5.0,4.24399e-314,17.5,0.2081639239076635,1.0047330287124872,0.3571344257311782,3.0,1.158579,1208,0.0045073253137514
25,52061,61,0.0,0.0,0.0,0.003788,0.001,0.001,0.003788,0.0004,0.0004,0.001549,0.001549,0.14256,0.0,0.703476,0.035929,0.012077,0.235237,48.4711,39.5731,26.5,0.001108,0.1,0.000443,0.04,-57.6756,9.94123,9.94123,0.0,0.0,0.0,0.0,0.0,0.0,0.0,0.0,0.0,0.0,0.0,0.0,0.0,0.0,0.0,0.0,0.0,0.0,3.0,5.0,4.24578e-314,17.5,0.1212918359806188,0.8355966076641852,-0.008591356566217,3.0,0.562552,521,0.0762843806492614
71,21607,7,0.0,0.0,0.0,0.00068,0.001,0.001,0.00068,0.0004,0.0004,0.003318,0.003318,0.076345,0.0,0.795519,0.039331,0.004874,0.169365,46.1133,54.0193,26.5,0.001125,0.1,0.00045,0.04,-57.0061,4.89205,4.89205,0.0,0.0,0.0,0.0,0.0,0.0,0.0,0.0,0.0,0.0,0.0,0.0,0.0,0.0,0.0,0.0,0.0,0.0,3.0,5.0,0.0,15.5,0.1431466532866173,0.5018531672878964,-0.0277090807156079,2.0,0.161585,217,0.0724591015494246
153,11941,41,0.0,0.0,0.0,0.007077,0.001,0.001,0.007077,0.0004,0.0004,0.003449,0.003449,0.121019,0.0,0.838432,0.045594,0.005488,0.161376,38.2499,51.8679,26.5,0.007,0.1,0.0028,0.04,-56.6927,9.4299,9.4299,0.0,0.0,0.0,0.0,0.0,0.0,0.0,0.0,0.0,0.0,0.0,0.0,0.0,0.0,0.0,0.0,0.0,0.0,3.0,5.0,6.41353e-314,18.0,0.1816544079224633,1.6644621754098936,-0.0315568059334071,2.0,0.185615,120,0.1485121269402699
16,60088,88,0.0,0.0,0.0,0.000985,0.001,0.001,0.000985,0.0004,0.0004,0.000322,0.000322,0.105033,0.0,0.966678,0.016812,0.010501,0.175653,36.6325,30.9438,26.5,0.000883,0.1,0.000353,0.04,-55.9236,10.5779,10.5779,0.0,0.0,0.0,0.0,0.0,0.0,0.0,0.0,0.0,0.0,0.0,0.0,0.0,0.0,0.0,0.0,0.0,0.0,3.0,5.0,6.40995e-314,16.0,0.2854619022450324,0.5276431840801881,0.6024260775877389,3.0,0.819856,601,0.0837632090945202
111,61528,28,0.0,0.0,0.0,0.002313,0.001,0.001,0.002313,0.0004,0.0004,0.001461,0.001461,0.145005,0.0,0.635799,0.020523,0.010041,0.22912,38.5898,42.7146,26.5,0.005279,0.1,0.002111,0.04,-59.3354,8.67847,8.67847,0.0,0.0,0.0,0.0,0.0,0.0,0.0,0.0,0.0,0.0,0.0,0.0,0.0,0.0,0.0,0.0,0.0,0.0,3.0,5.0,4.82e-321,21.0,0.3058831061882089,0.8867815666990747,0.673371669790429,3.0,0.656038,616,0.020218993987553
128,124878,78,0.0,0.0,0.0,0.001386,0.001,0.001,0.001386,0.0004,0.0004,0.006802,0.006802,0.169488,0.0,0.594495,0.032391,0.009727,0.153913,46.4557,69.6188,26.5,0.001376,0.1,0.00055,0.04,-58.7443,4.88793,4.88793,0.0,0.0,0.0,0.0,0.0,0.0,0.0,0.0,0.0,0.0,0.0,0.0,0.0,0.0,0.0,0.0,0.0,0.0,3.0,5.0,6.48168e-314,23.0,0.3094382419944905,1.555894842891368,0.6155555149094158,2.0,0.7863410000000001,1249,0.1363390656939436
62,55193,93,0.0,0.0,0.0,0.006438,0.001,0.001,0.006438,0.0004,0.0004,0.004363,0.004363,0.17112,0.0,0.435333,0.040368,0.005809,0.231387,35.1991,31.3488,26.5,0.010311,0.1,0.004125,0.04,-61.3484,8.47853,8.47853,0.0,0.0,0.0,0.0,0.0,0.0,0.0,0.0,0.0,0.0,0.0,0.0,0.0,0.0,0.0,0.0,0.0,0.0,3.0,5.0,6.47678e-314,23.5,0.1706295830980593,1.606014226894893,0.422252460729568,2.0,0.231447,552,0.0132417492355489
212,62063,63,0.0,0.0,0.0,0.00606,0.001,0.001,0.00606,0.0004,0.0004,0.002618,0.002618,0.083783,0.0,0.909076,0.022494,0.001273,0.148739,30.1808,29.1558,26.5,0.001019,0.1,0.000407,0.04,-56.528,9.78207,9.78207,0.0,0.0,0.0,0.0,0.0,0.0,0.0,0.0,0.0,0.0,0.0,0.0,0.0,0.0,0.0,0.0,0.0,0.0,3.0,5.0,6.40951e-314,20.5,0.100988636438352,1.291532829213416,0.4635315614324083,2.0,0.283916,621,0.0175492678187006
68,25071,71,0.0,0.0,0.0,0.004414,0.001,0.001,0.004414,0.0004,0.0004,0.008212,0.008212,0.121234,0.0,0.292935,0.042984,0.00681,0.248675,36.0381,50.1936,26.5,0.000761,0.1,0.000304,0.04,-59.0632,6.10149,6.10149,0.0,0.0,0.0,0.0,0.0,0.0,0.0,0.0,0.0,0.0,0.0,0.0,0.0,0.0,0.0,0.0,0.0,0.0,3.0,5.0,4.26177e-314,21.0,0.0843589825832732,1.4448266811142387,-0.1594567224895845,1.0,0.051963,251,0.2560936013768364
69,126973,73,0.0,0.0,0.0,0.005233,0.001,0.001,0.005233,0.0004,0.0004,0.001312,0.001312,0.159545,0.0,0.657084,0.008528,0.007967,0.064433,36.1952,23.9494,26.5,0.011183,0.1,0.004473,0.04,-57.9319,11.299,11.299,0.0,0.0,0.0,0.0,0.0,0.0,0.0,0.0,0.0,0.0,0.0,0.0,0.0,0.0,0.0,0.0,0.0,0.0,3.0,5.0,2.57187e-315,22.0,0.1832637278818579,1.1941834144076922,0.1240305483492059,1.0,0.462305,1270,0.0297515993317533
115,51217,17,0.0,0.0,0.0,0.005515,0.001,0.001,0.005515,0.0004,0.0004,0.001522,0.001522,0.131418,0.0,0.474072,0.036197,0.013643,0.24902,44.0942,50.6271,26.5,0.001085,0.1,0.000434,0.04,-54.881,11.0453,11.0453,0.0,0.0,0.0,0.0,0.0,0.0,0.0,0.0,0.0,0.0,0.0,0.0,0.0,0.0,0.0,0.0,0.0,0.0,3.0,5.0,0.0,23.5,0.0860290507424543,1.4808446800429629,-0.182551040802524,1.0,0.094694,513,0.765405861579642
146,3629,29,0.0,0.0,0.0,0.001029,0.001,0.001,0.001029,0.0004,0.0004,0.004292,0.004292,0.126259,0.0,0.660265,0.033736,0.009304,0.213293,28.2365,61.7045,26.5,0.000918,0.1,0.000367,0.04,-58.3804,5.02921,5.02921,0.0,0.0,0.0,0.0,0.0,0.0,0.0,0.0,0.0,0.0,0.0,0.0,0.0,0.0,0.0,0.0,0.0,0.0,3.0,5.0,6.47198e-314,23.5,0.1066525936938121,2.632879116631784,-0.4748107735446237,1.0,0.101455,37,0.3068320159652211
240,65085,85,0.0,0.0,0.0,0.002331,0.001,0.001,0.002331,0.0004,0.0004,0.008863,0.008863,0.139965,0.0,0.469438,0.039782,0.007304,0.158764,37.1456,53.5085,26.5,0.001325,0.1,0.00053,0.04,-56.4363,5.11989,5.11989,0.0,0.0,0.0,0.0,0.0,0.0,0.0,0.0,0.0,0.0,0.0,0.0,0.0,0.0,0.0,0.0,0.0,0.0,3.0,5.0,4.2481e-314,21.5,0.2722272051275883,1.047704028535145,0.8072356206235789,1.0,0.146926,651,0.0873895049172111
95,66604,4,0.0,0.0,0.0,0.002513,0.001,0.001,0.002513,0.0004,0.0004,0.006249,0.006249,0.145575,0.0,0.934044,0.048495,0.010045,0.266967,47.3727,45.5799,26.5,0.000696,0.1,0.000278,0.04,-58.209,5.63648,5.63648,0.0,0.0,0.0,0.0,0.0,0.0,0.0,0.0,0.0,0.0,0.0,0.0,0.0,0.0,0.0,0.0,0.0,0.0,3.0,5.0,0.0,24.0,0.2008151291807409,1.7889746036604373,0.3060637153122225,1.0,0.124981,667,0.2052150432162365
179,8905,5,0.0,0.0,0.0,0.003953,0.001,0.001,0.003953,0.0004,0.0004,0.000902,0.000902,0.15915,0.0,0.754488,0.042257,0.010832,0.207565,36.1099,31.8954,26.5,0.009339,0.1,0.003736,0.04,-58.1384,11.5385,11.5385,0.0,0.0,0.0,0.0,0.0,0.0,0.0,0.0,0.0,0.0,0.0,0.0,0.0,0.0,0.0,0.0,0.0,0.0,3.0,5.0,0.0,22.0,0.093267744787261,1.5697864394359275,-0.2815076898925405,3.0,0.246614,90,0.014005852540777
57,42382,82,0.0,0.0,0.0,0.00214,0.001,0.001,0.00214,0.0004,0.0004,0.000796,0.000796,0.103418,0.0,0.655649,0.037641,0.006003,0.193985,32.3078,38.254,26.5,0.010626,0.1,0.00425,0.04,-58.3094,10.2149,10.2149,0.0,0.0,0.0,0.0,0.0,0.0,0.0,0.0,0.0,0.0,0.0,0.0,0.0,0.0,0.0,0.0,0.0,0.0,3.0,5.0,6.43609e-314,23.0,0.1472252287223521,1.5398161252864535,-0.093438357472583,3.0,0.542593,424,0.2727522749431366
84,127005,5,0.0,0.0,0.0,0.004945,0.001,0.001,0.004945,0.0004,0.0004,0.000484,0.000484,0.133348,0.0,0.186576,0.032667,0.01237,0.230148,44.0754,77.2903,26.5,0.000367,0.1,0.000147,0.04,-57.9234,13.2675,13.2675,0.0,0.0,0.0,0.0,0.0,0.0,0.0,0.0,0.0,0.0,0.0,0.0,0.0,0.0,0.0,0.0,0.0,0.0,3.0,5.0,0.0,22.0,0.132859906548268,1.0503925806471106,-0.0416977022472413,3.0,1.0374560000000002,1271,0.249125745212017
34,66402,2,0.0,0.0,0.0,0.004914,0.001,0.001,0.004914,0.0004,0.0004,0.012083,0.012083,0.199406,0.0,0.697961,0.043449,0.004988,0.116859,47.9974,33.1802,26.5,0.000649,0.1,0.000259,0.04,-58.9593,5.65267,5.65267,0.0,0.0,0.0,0.0,0.0,0.0,0.0,0.0,0.0,0.0,0.0,0.0,0.0,0.0,0.0,0.0,0.0,0.0,3.0,5.0,0.0,24.0,0.1685231045542306,1.4327673761885136,0.2504689209474665,1.0,0.220953,665,0.3990539296554431
94,54745,45,0.0,0.0,0.0,0.005539,0.001,0.001,0.005539,0.0004,0.0004,0.00464,0.00464,0.109628,0.0,0.688839,0.046144,0.007535,0.267334,26.1469,49.9286,26.5,0.006421,0.1,0.002568,0.04,-57.5881,7.89511,7.89511,0.0,0.0,0.0,0.0,0.0,0.0,0.0,0.0,0.0,0.0,0.0,0.0,0.0,0.0,0.0,0.0,0.0,0.0,3.0,5.0,0.0,20.5,0.1727520956676436,1.2322270814246383,0.3612935028005978,2.0,0.337206,548,0.0374540195345945
202,615,15,0.0,0.0,0.0,0.003912,0.001,0.001,0.003912,0.0004,0.0004,0.000937,0.000937,0.114051,0.0,0.800501,0.035516,0.008889,0.176934,38.0371,54.4297,26.5,0.001148,0.1,0.000459,0.04,-57.0966,11.4158,11.4158,0.0,0.0,0.0,0.0,0.0,0.0,0.0,0.0,0.0,0.0,0.0,0.0,0.0,0.0,0.0,0.0,0.0,0.0,3.0,5.0,0.0,20.5,0.1123865477918524,2.212255640060404,-0.3707284509841089,2.0,0.203102,7,0.0818125556774359
42,59725,25,0.0,0.0,0.0,0.00566,0.001,0.001,0.00566,0.0004,0.0004,0.00071,0.00071,0.134088,0.0,0.492508,0.040485,0.007895,0.16807,59.1693,39.5836,26.5,0.01285,0.1,0.00514,0.04,-58.2088,12.8469,12.8469,0.0,0.0,0.0,0.0,0.0,0.0,0.0,0.0,0.0,0.0,0.0,0.0,0.0,0.0,0.0,0.0,0.0,0.0,3.0,5.0,4.27935e-314,23.5,0.131857188205383,1.0738652342472674,0.2709895492827482,2.0,0.506871,598,0.079956399481668
83,21315,15,0.0,0.0,0.0,0.007667,0.001,0.001,0.007667,0.0004,0.0004,0.002938,0.002938,0.10956,0.0,0.648212,0.029583,0.004924,0.195508,34.9521,42.5006,26.5,0.01305,0.1,0.00522,0.04,-58.9818,10.1296,10.1296,0.0,0.0,0.0,0.0,0.0,0.0,0.0,0.0,0.0,0.0,0.0,0.0,0.0,0.0,0.0,0.0,0.0,0.0,3.0,5.0,0.0,24.0,0.1720689016273245,1.7172847256870876,0.0430588727866305,4.0,0.519732,214,0.2819163349857607
230,19032,32,0.0,0.0,0.0,0.007607,0.001,0.001,0.007607,0.0004,0.0004,0.001404,0.001404,0.166878,0.0,1.10455,0.030617,0.009014,0.14535,40.275,86.7534,26.5,0.000607,0.1,0.000243,0.04,-55.9748,12.0485,12.0485,0.0,0.0,0.0,0.0,0.0,0.0,0.0,0.0,0.0,0.0,0.0,0.0,0.0,0.0,0.0,0.0,0.0,0.0,3.0,5.0,4.11e-321,30.0,0.0831276736911682,2.156667791722867,0.078459133085241,3.0,0.32051,191,0.0757058316632592
157,61711,11,0.0,0.0,0.0,0.003903,0.001,0.001,0.003903,0.0004,0.0004,0.002057,0.002057,0.074846,0.0,0.45652,0.039964,0.000834,0.256725,46.8629,32.5446,26.5,0.013389,0.1,0.005356,0.04,-57.2308,9.20195,9.20195,0.0,0.0,0.0,0.0,0.0,0.0,0.0,0.0,0.0,0.0,0.0,0.0,0.0,0.0,0.0,0.0,0.0,0.0,3.0,5.0,4.26057e-314,26.5,0.246789039136645,1.428812675165071,0.8387447792708133,2.0,0.550327,618,0.1151274858093365
109,10311,11,0.0,0.0,0.0,0.004208,0.001,0.001,0.004208,0.0004,0.0004,0.001988,0.001988,0.119614,0.0,0.828475,0.032487,0.006625,0.214025,40.3795,47.6198,26.5,0.010591,0.1,0.004236,0.04,-59.2775,9.5217,9.5217,0.0,0.0,0.0,0.0,0.0,0.0,0.0,0.0,0.0,0.0,0.0,0.0,0.0,0.0,0.0,0.0,0.0,0.0,3.0,5.0,4.24399e-314,26.5,0.0997858523544003,2.328027200351505,-0.3898264029816032,2.0,0.155561,104,0.0380181168833344
116,88739,39,0.0,0.0,0.0,0.004476,0.001,0.001,0.004476,0.0004,0.0004,0.003199,0.003199,0.107315,0.0,0.994288,0.015185,0.006955,0.220994,22.6642,50.5146,26.5,0.008786,0.1,0.003515,0.04,-57.5609,8.32871,8.32871,0.0,0.0,0.0,0.0,0.0,0.0,0.0,0.0,0.0,0.0,0.0,0.0,0.0,0.0,0.0,0.0,0.0,0.0,3.0,5.0,6.41383e-314,27.5,0.2910103802419589,2.1657042391067858,0.5813622478856836,1.0,0.328337,888,0.9496670296811116
148,13576,76,0.0,0.0,0.0,0.002338,0.001,0.001,0.002338,0.0004,0.0004,0.005904,0.005904,0.124307,0.0,0.515469,0.036178,0.0089,0.23355,33.9776,25.521,26.5,0.008661,0.1,0.003464,0.04,-55.2716,5.61453,5.61453,0.0,0.0,0.0,0.0,0.0,0.0,0.0,0.0,0.0,0.0,0.0,0.0,0.0,0.0,0.0,0.0,0.0,0.0,3.0,5.0,6.46793e-314,26.5,0.1225007221305094,2.6357901752432635,-0.2591683894158264,1.0,0.077251,136,0.3879894685804288
22,80283,83,0.0,0.0,0.0,0.006472,0.001,0.001,0.006472,0.0004,0.0004,0.004877,0.004877,0.144083,0.0,0.662309,0.036186,0.005064,0.17455,37.8154,40.3374,26.5,0.001031,0.1,0.000413,0.04,-58.2338,8.18209,8.18209,0.0,0.0,0.0,0.0,0.0,0.0,0.0,0.0,0.0,0.0,0.0,0.0,0.0,0.0,0.0,0.0,0.0,0.0,3.0,5.0,6.44384e-314,28.0,0.0727760269338087,2.9466447277979606,-0.2694938245544296,1.0,0.227216,803,0.1386204652642644
144,25529,29,0.0,0.0,0.0,0.000947,0.001,0.001,0.000947,0.0004,0.0004,0.00083,0.00083,0.092146,0.0,1.08173,0.030957,0.007221,0.228958,46.8924,83.0159,26.5,0.00365,0.1,0.00146,0.04,-57.5428,7.77498,7.77498,0.0,0.0,0.0,0.0,0.0,0.0,0.0,0.0,0.0,0.0,0.0,0.0,0.0,0.0,0.0,0.0,0.0,0.0,3.0,5.0,6.47656e-314,28.0,0.0880402512654074,1.5691484671960785,0.1277730747399664,1.0,0.055982,256,0.6727515154309173
10,54488,88,0.0,0.0,0.0,0.002337,0.001,0.001,0.002337,0.0004,0.0004,0.002127,0.002127,0.102882,0.0,0.743812,0.031797,0.007895,0.229657,53.4148,53.5411,26.5,0.001144,0.1,0.000458,0.04,-56.444,7.6768,7.6768,0.0,0.0,0.0,0.0,0.0,0.0,0.0,0.0,0.0,0.0,0.0,0.0,0.0,0.0,0.0,0.0,0.0,0.0,3.0,5.0,6.40835e-314,27.0,0.1835760483631612,2.6337356897109894,0.5147396170779089,3.0,0.441096,545,0.0852800935050192
132,119289,89,0.0,0.0,0.0,0.003992,0.001,0.001,0.003992,0.0004,0.0004,0.002592,0.002592,0.136636,0.0,0.502742,0.049588,0.006761,0.275949,26.7491,63.6767,26.5,0.001504,0.1,0.000602,0.04,-55.8405,8.59987,8.59987,0.0,0.0,0.0,0.0,0.0,0.0,0.0,0.0,0.0,0.0,0.0,0.0,0.0,0.0,0.0,0.0,0.0,0.0,3.0,5.0,6.44485e-314,32.5,0.2045055192106342,2.689369749618939,0.5370644930032489,2.0,0.555882,1193,0.2528287999129441
31,28330,30,0.0,0.0,0.0,0.004923,0.001,0.001,0.004923,0.0004,0.0004,0.000387,0.000387,0.132607,0.0,0.48462,0.031715,0.003074,0.170631,39.488,68.2982,26.5,0.007642,0.1,0.003057,0.04,-59.253,13.5845,13.5845,0.0,0.0,0.0,0.0,0.0,0.0,0.0,0.0,0.0,0.0,0.0,0.0,0.0,0.0,0.0,0.0,0.0,0.0,3.0,5.0,6.40968e-314,33.0,0.0616010553511904,1.7216693344710612,0.0311283107398128,3.0,0.371271,284,0.3241318187960151
47,17076,76,0.0,0.0,0.0,0.001934,0.001,0.001,0.001934,0.0004,0.0004,0.000746,0.000746,0.11113,0.0,0.759878,0.02339,0.009194,0.199295,49.0899,55.7066,26.5,0.001157,0.1,0.000463,0.04,-54.2456,10.1114,10.1114,0.0,0.0,0.0,0.0,0.0,0.0,0.0,0.0,0.0,0.0,0.0,0.0,0.0,0.0,0.0,0.0,0.0,0.0,3.0,5.0,6.47367e-314,30.5,0.107238376002209,1.4407157901536876,0.0215694124514613,2.0,0.20305,171,0.0078918643938788
75,93708,8,0.0,0.0,0.0,0.001308,0.001,0.001,0.001308,0.0004,0.0004,0.002118,0.002118,0.140549,0.0,0.584407,0.024945,0.006876,0.206136,49.0341,44.5112,26.5,0.009152,0.1,0.003661,0.04,-57.4807,6.35947,6.35947,0.0,0.0,0.0,0.0,0.0,0.0,0.0,0.0,0.0,0.0,0.0,0.0,0.0,0.0,0.0,0.0,0.0,0.0,3.0,5.0,0.0,32.0,0.3154373125617935,2.395574695419638,0.8845138966676257,1.0,0.482783,938,0.7220315833329639
158,9189,89,0.0,0.0,0.0,0.003274,0.001,0.001,0.003274,0.0004,0.0004,0.000894,0.000894,0.120139,0.0,1.16433,0.024393,0.007597,0.213285,27.5197,63.0301,26.5,0.008083,0.1,0.003233,0.04,-58.9148,11.0749,11.0749,0.0,0.0,0.0,0.0,0.0,0.0,0.0,0.0,0.0,0.0,0.0,0.0,0.0,0.0,0.0,0.0,0.0,0.0,3.0,5.0,6.41057e-314,31.5,0.0651286277666253,2.2394668665972626,-0.3359121239067497,1.0,0.093176,92,0.7848984599183965
194,99415,15,0.0,0.0,0.0,0.006914,0.001,0.001,0.006914,0.0004,0.0004,0.006302,0.006302,0.129073,0.0,0.726824,0.045847,0.003711,0.183075,56.2391,66.5151,26.5,0.000885,0.1,0.000354,0.04,-54.7356,7.67222,7.67222,0.0,0.0,0.0,0.0,0.0,0.0,0.0,0.0,0.0,0.0,0.0,0.0,0.0,0.0,0.0,0.0,0.0,0.0,3.0,5.0,0.0,32.0,0.2325673658268328,1.92399400262828,2.23208251074186,2.0,0.356736,995,0.2906389407158214
184,59439,39,0.0,0.0,0.0,0.004861,0.001,0.001,0.004861,0.0004,0.0004,0.00043,0.00043,0.141757,0.0,0.404357,0.070625,0.004126,0.331394,37.1422,19.0444,26.5,0.001361,0.1,0.000544,0.04,-59.0911,13.4211,13.4211,0.0,0.0,0.0,0.0,0.0,0.0,0.0,0.0,0.0,0.0,0.0,0.0,0.0,0.0,0.0,0.0,0.0,0.0,3.0,5.0,6.48381e-314,32.5,0.0685536210506779,1.786360669311127,-0.242806862930911,4.0,0.865813,595,0.8969086100815372
166,51980,80,0.0,0.0,0.0,0.002238,0.001,0.001,0.002238,0.0004,0.0004,0.002208,0.002208,0.196372,0.0,0.575872,0.013695,0.010534,0.160107,38.4698,37.9965,26.5,0.009513,0.1,0.003805,0.04,-56.9007,7.4704,7.4704,0.0,0.0,0.0,0.0,0.0,0.0,0.0,0.0,0.0,0.0,0.0,0.0,0.0,0.0,0.0,0.0,0.0,0.0,3.0,5.0,6.41562e-314,34.0,0.2193173796987001,2.2896127502346566,0.4425806991778069,1.0,0.244489,520,0.7028364787261204
133,16929,29,0.0,0.0,0.0,0.001279,0.001,0.001,0.001279,0.0004,0.0004,0.001283,0.001283,0.150022,0.0,0.826401,0.048194,0.005129,0.206697,42.8819,25.4254,26.5,0.012071,0.1,0.004828,0.04,-58.1414,7.42879,7.42879,0.0,0.0,0.0,0.0,0.0,0.0,0.0,0.0,0.0,0.0,0.0,0.0,0.0,0.0,0.0,0.0,0.0,0.0,3.0,5.0,6.43667e-314,32.0,0.1451101826034929,2.027685076413781,0.1666253883008864,1.0,0.09208,170,0.6370641599813553
20,18751,51,0.0,0.0,0.0,0.004931,0.001,0.001,0.004931,0.0004,0.0004,0.001664,0.001664,0.065718,0.0,0.840123,0.019278,0.006189,0.244279,33.9161,13.0703,26.5,0.008409,0.1,0.003364,0.04,-56.5286,10.4912,10.4912,0.0,0.0,0.0,0.0,0.0,0.0,0.0,0.0,0.0,0.0,0.0,0.0,0.0,0.0,0.0,0.0,0.0,0.0,3.0,5.0,4.28012e-314,31.0,0.0733808472696326,1.988699581376193,-0.3642063157096676,3.0,0.2505469999999999,188,0.9163608538038144
200,26767,67,0.0,0.0,0.0,0.002213,0.001,0.001,0.002213,0.0004,0.0004,0.002352,0.002352,0.104015,0.0,0.847852,0.040629,0.002895,0.261319,42.7496,32.2132,26.5,0.015082,0.1,0.006033,0.04,-58.3625,7.28564,7.28564,0.0,0.0,0.0,0.0,0.0,0.0,0.0,0.0,0.0,0.0,0.0,0.0,0.0,0.0,0.0,0.0,0.0,0.0,3.0,5.0,4.26709e-314,37.5,0.1155528889920875,2.1265037623855583,0.0232224620965044,1.0,0.089641,268,0.0998714184761933
92,98260,60,0.0,0.0,0.0,0.006084,0.001,0.001,0.006084,0.0004,0.0004,0.0033,0.0033,0.090407,0.0,0.889266,0.026719,0.003723,0.269015,50.2658,72.3061,26.5,0.001545,0.1,0.000618,0.04,-55.8078,9.11825,9.11825,0.0,0.0,0.0,0.0,0.0,0.0,0.0,0.0,0.0,0.0,0.0,0.0,0.0,0.0,0.0,0.0,0.0,0.0,3.0,5.0,6.40094e-314,40.0,0.0474101922966861,2.64607800752951,-0.2958752090135102,2.0,0.62305,983,0.5183271032206931
88,131923,23,0.0,0.0,0.0,0.003128,0.001,0.001,0.003128,0.0004,0.0004,0.003176,0.003176,0.181279,0.0,0.252425,0.04603,0.006979,0.269588,47.8815,64.0234,26.5,0.011274,0.1,0.004509,0.04,-57.0765,7.39801,7.39801,0.0,0.0,0.0,0.0,0.0,0.0,0.0,0.0,0.0,0.0,0.0,0.0,0.0,0.0,0.0,0.0,0.0,0.0,3.0,5.0,6.40217e-314,40.0,0.1894289902242814,2.744689271991837,0.2425400788959296,1.0,0.360649,1320,0.3636147283427406
70,93511,11,0.0,0.0,0.0,0.00535,0.001,0.001,0.00535,0.0004,0.0004,0.001126,0.001126,0.101342,0.0,1.16484,0.023226,0.001449,0.169268,32.2959,69.861,26.5,0.013211,0.1,0.005284,0.04,-57.4949,11.738,11.738,0.0,0.0,0.0,0.0,0.0,0.0,0.0,0.0,0.0,0.0,0.0,0.0,0.0,0.0,0.0,0.0,0.0,0.0,3.0,5.0,4.26057e-314,37.0,0.0821939680096291,1.976942292539121,-0.2918918100748738,2.0,0.334481,936,0.5001565731641553
213,95852,52,0.0,0.0,0.0,0.008683,0.001,0.001,0.008683,0.0004,0.0004,0.003642,0.003642,0.14785,0.0,1.42988,0.011452,0.003936,0.176148,60.2873,48.6699,26.5,0.000417,0.1,0.000167,0.04,-57.8802,9.86746,9.86746,0.0,0.0,0.0,0.0,0.0,0.0,0.0,0.0,0.0,0.0,0.0,0.0,0.0,0.0,0.0,0.0,0.0,0.0,3.0,5.0,6.4145e-314,40.5,0.2238928835907213,3.292203562395338,0.6560812727279477,2.0,0.491775,959,0.8738708289591678
101,93340,40,0.0,0.0,0.0,0.004745,0.001,0.001,0.004745,0.0004,0.0004,0.001109,0.001109,0.132056,0.0,1.10826,0.050502,0.006803,0.249866,43.1129,56.1937,26.5,0.007919,0.1,0.003167,0.04,-54.3405,11.4776,11.4776,0.0,0.0,0.0,0.0,0.0,0.0,0.0,0.0,0.0,0.0,0.0,0.0,0.0,0.0,0.0,0.0,0.0,0.0,3.0,5.0,6.47465e-314,42.0,0.1244186243464976,2.289007232621262,0.0939736054834549,1.0,0.259688,934,0.7623487992561278
51,84443,43,0.0,0.0,0.0,0.002748,0.001,0.001,0.002748,0.0004,0.0004,0.001002,0.001002,0.146287,0.0,0.948789,0.036398,0.005208,0.241011,34.7926,57.9092,26.5,0.000996,0.1,0.000398,0.04,-57.7058,10.2718,10.2718,0.0,0.0,0.0,0.0,0.0,0.0,0.0,0.0,0.0,0.0,0.0,0.0,0.0,0.0,0.0,0.0,0.0,0.0,3.0,5.0,0.0,41.0,0.1565516012927089,3.249761223070533,-0.1124867599532217,1.0,0.322937,845,0.2393839104525806
175,118040,40,0.0,0.0,0.0,0.003477,0.001,0.001,0.003477,0.0004,0.0004,0.001078,0.001078,0.12408,0.0,0.385039,0.01836,0.002122,0.261265,54.5383,61.9532,26.5,0.000953,0.1,0.000381,0.04,-58.0207,10.7292,10.7292,0.0,0.0,0.0,0.0,0.0,0.0,0.0,0.0,0.0,0.0,0.0,0.0,0.0,0.0,0.0,0.0,0.0,0.0,3.0,5.0,6.44043e-314,41.5,0.1824617230482969,3.010667342300574,0.3768542096945579,1.0,0.456195,1181,0.8904517805949197
29,30834,34,0.0,0.0,0.0,0.009834,0.001,0.001,0.009834,0.0004,0.0004,0.004207,0.004207,0.161999,0.0,0.533261,0.017662,0.006696,0.267969,48.4125,47.0551,26.5,0.000405,0.1,0.000162,0.04,-57.7648,9.81031,9.81031,0.0,0.0,0.0,0.0,0.0,0.0,0.0,0.0,0.0,0.0,0.0,0.0,0.0,0.0,0.0,0.0,0.0,0.0,3.0,5.0,6.47436e-314,43.5,0.0595513429711684,3.1161714535005176,-0.2500089866592993,3.0,0.326999,309,1.8548814497667747
98,30834,34,0.0,0.0,0.0,0.009834,0.001,0.001,0.009834,0.0004,0.0004,0.004207,0.004207,0.161999,0.0,0.533261,0.017662,0.006696,0.267969,48.4125,47.0551,26.5,0.000405,0.1,0.000162,0.04,-57.7648,9.81031,9.81031,0.0,0.0,0.0,0.0,0.0,0.0,0.0,0.0,0.0,0.0,0.0,0.0,0.0,0.0,0.0,0.0,0.0,0.0,3.0,5.0,6.47436e-314,43.5,0.0595513429711684,3.1161714535005176,-0.2500089866592993,3.0,0.326999,309,1.593704645053729
248,64086,86,0.0,0.0,0.0,0.003038,0.001,0.001,0.003038,0.0004,0.0004,0.004136,0.004136,0.183054,0.0,1.02961,0.000688,0.009043,0.179669,52.8971,50.3408,26.5,0.000739,0.1,0.000296,0.04,-58.8162,6.71523,6.71523,0.0,0.0,0.0,0.0,0.0,0.0,0.0,0.0,0.0,0.0,0.0,0.0,0.0,0.0,0.0,0.0,0.0,0.0,3.0,5.0,6.47175e-314,46.0,0.2003419987265776,3.595305348055469,0.538009903654009,2.0,0.379016,641,0.1564169288636622
74,28050,50,0.0,0.0,0.0,0.004114,0.001,0.001,0.004114,0.0004,0.0004,0.001135,0.001135,0.131007,0.0,0.505387,0.003971,0.003638,0.236606,35.9801,84.8582,26.5,0.001397,0.1,0.000559,0.04,-57.2207,11.0459,11.0459,0.0,0.0,0.0,0.0,0.0,0.0,0.0,0.0,0.0,0.0,0.0,0.0,0.0,0.0,0.0,0.0,0.0,0.0,3.0,5.0,4.28503e-314,47.0,0.064768454020247,3.3994582458594382,0.1019253771532071,4.0,0.386341,281,1.511057950124905
243,62649,49,0.0,0.0,0.0,0.001431,0.001,0.001,0.001431,0.0004,0.0004,0.001247,0.001247,0.18772,0.0,0.790499,0.027088,0.009039,0.237393,60.3368,63.8473,26.5,0.001711,0.1,0.000684,0.04,-55.3432,7.78986,7.78986,0.0,0.0,0.0,0.0,0.0,0.0,0.0,0.0,0.0,0.0,0.0,0.0,0.0,0.0,0.0,0.0,0.0,0.0,3.0,5.0,6.41506e-314,51.0,0.0962337273531502,3.3291393346230715,-0.0690350466010926,3.0,0.55748,627,0.7522040556258769
39,61033,33,0.0,0.0,0.0,0.004291,0.001,0.001,0.004291,0.0004,0.0004,0.002082,0.002082,0.175556,0.0,0.670649,0.028634,0.008212,0.289875,35.9476,85.1163,26.5,0.001476,0.1,0.000591,0.04,-55.0532,9.44347,9.44347,0.0,0.0,0.0,0.0,0.0,0.0,0.0,0.0,0.0,0.0,0.0,0.0,0.0,0.0,0.0,0.0,0.0,0.0,3.0,5.0,6.47963e-314,51.0,0.0478350131887942,4.170507715602191,-0.1916858745625423,1.0,0.089422,611,0.0774027578475705
103,59288,88,0.0,0.0,0.0,0.003093,0.001,0.001,0.003093,0.0004,0.0004,0.000731,0.000731,0.153837,0.0,0.792337,0.03906,0.001713,0.261304,48.1723,38.9807,26.5,0.000832,0.1,0.000333,0.04,-56.4593,11.4507,11.4507,0.0,0.0,0.0,0.0,0.0,0.0,0.0,0.0,0.0,0.0,0.0,0.0,0.0,0.0,0.0,0.0,0.0,0.0,3.0,5.0,6.4722e-314,56.0,0.0569602269311784,3.7518484206960734,-0.1031413131766401,2.0,0.415612,593,6.14310629514372
155,129883,83,0.0,0.0,0.0,0.003242,0.001,0.001,0.003242,0.0004,0.0004,0.00124,0.00124,0.144092,0.0,0.737601,0.031281,0.006265,0.187922,32.9914,48.0934,26.5,0.001606,0.1,0.000643,0.04,-57.6565,10.1351,10.1351,0.0,0.0,0.0,0.0,0.0,0.0,0.0,0.0,0.0,0.0,0.0,0.0,0.0,0.0,0.0,0.0,0.0,0.0,3.0,5.0,6.44593e-314,21.5,0.49585449312968,1.258910925746269,1.8777334176502725,4.0,1.795145,1299,0.5916679298614411
196,29385,85,0.0,0.0,0.0,0.002872,0.001,0.001,0.002872,0.0004,0.0004,0.005383,0.005383,0.088568,0.0,0.155552,0.063561,0.006196,0.307796,45.8005,30.1618,26.5,0.016756,0.1,0.006703,0.04,-58.2055,6.08865,6.08865,0.0,0.0,0.0,0.0,0.0,0.0,0.0,0.0,0.0,0.0,0.0,0.0,0.0,0.0,0.0,0.0,0.0,0.0,3.0,5.0,4.28613e-314,19.0,0.094734079824588,0.8547044989626471,0.0354665461053231,1.0,0.046283,294,0.1168733244910537
